home,away,ft
San Diego Padres,Los Angeles Dodgers,"[1, 14]"
Chicago Cubs,Chicago White Sox,"[8, 1]"
Texas Rangers,Kansas City Royals,"[5, 4]"
Los Angeles Dodgers,San Diego Padres,"[4, 1]"
Colorado Rockies,Arizona Diamondbacks,"[3, 0]"
Minnesota Twins,Pittsburgh Pirates,"[5, 3]"
St.Louis Cardinals,Miami Marlins,"[8, 9]"
Baltimore Orioles,Boston Red Sox,"[4, 3]"
Detroit Tigers,New York Yankees,"[10, 22]"
Tampa Bay Rays,Atlanta Braves,"[5, 6]"
Toronto Blue Jays,Philadelphia Phillies,"[13, 14]"
New York Mets,St.Louis Cardinals,"[5, 10]"
San Francisco Giants,Chicago Cubs,"[4, 8]"
Kansas City Royals,Texas Rangers,"[5, 4]"
Oakland Athletics,Colorado Rockies,"[1, 5]"
Chicago White Sox,Seattle Mariners,"[8, 7]"
Cleveland Guardians,Cincinnati Reds,"[0, 4]"
Los Angeles Angels,Los Angeles Dodgers,"[7, 7]"
San Diego Padres,Milwaukee Brewers,"[7, 11]"
Arizona Diamondbacks,Colorado Rockies,"[6, 2]"
Washington Nationals,Houston Astros,"[4, 7]"
New York Yankees,Toronto Blue Jays,"[12, 6]"
Philadelphia Phillies,New York Yankees,"[4, 0]"
Tampa Bay Rays,Detroit Tigers,"[9, 9]"
Pittsburgh Pirates,Baltimore Orioles,"[0, 2]"
Boston Red Sox,Minnesota Twins,"[8, 6]"
Houston Astros,St.Louis Cardinals,"[0, 3]"
Atlanta Braves,Boston Red Sox,"[4, 5]"
New York Mets,Houston Astros,"[3, 1]"
Miami Marlins,Washington Nationals,"[3, 6]"
Chicago Cubs,San Diego Padres,"[0, 7]"
Los Angeles Dodgers,Oakland Athletics,"[4, 2]"
Texas Rangers,San Francisco Giants,"[0, 0]"
Cincinnati Reds,Los Angeles Angels,"[9, 4]"
Los Angeles Angels,Kansas City Royals,"[0, 1]"
Milwaukee Brewers,Colorado Rockies,"[3, 10]"
Seattle Mariners,Cleveland Guardians,"[4, 8]"
Arizona Diamondbacks,Chicago White Sox,"[5, 0]"
New York Yankees,Minnesota Twins,"[9, 2]"
Washington Nationals,New York Mets,"[3, 6]"
Atlanta Braves,Baltimore Orioles,"[1, 2]"
Baltimore Orioles,Tampa Bay Rays,"[3, 8]"
Boston Red Sox,Philadelphia Phillies,"[7, 6]"
Detroit Tigers,Houston Astros,"[4, 0]"
Toronto Blue Jays,Pittsburgh Pirates,"[8, 4]"
Miami Marlins,St.Louis Cardinals,"[1, 1]"
Chicago White Sox,Texas Rangers,"[2, 4]"
San Francisco Giants,Los Angeles Angels,"[9, 11]"
Kansas City Royals,Chicago Cubs,"[6, 0]"
Oakland Athletics,Arizona Diamondbacks,"[9, 8]"
Cincinnati Reds,Seattle Mariners,"[0, 2]"
San Diego Padres,Cleveland Guardians,"[4, 7]"
Colorado Rockies,Los Angeles Dodgers,"[4, 9]"
Milwaukee Brewers,Cincinnati Reds,"[3, 8]"
Minnesota Twins,Philadelphia Phillies,"[3, 3]"
St.Louis Cardinals,Boston Red Sox,"[3, 3]"
Houston Astros,Washington Nationals,"[3, 10]"
Pittsburgh Pirates,Atlanta Braves,"[13, 4]"
Tampa Bay Rays,New York Yankees,"[4, 2]"
Detroit Tigers,Toronto Blue Jays,"[6, 4]"
Baltimore Orioles,Detroit Tigers,"[5, 2]"
New York Mets,Miami Marlins,"[7, 1]"
Los Angeles Dodgers,Chicago White Sox,"[9, 6]"
San Francisco Giants,Seattle Mariners,"[10, 10]"
Kansas City Royals,Colorado Rockies,"[4, 3]"
Chicago Cubs,Cincinnati Reds,"[6, 6]"
Cleveland Guardians,Oakland Athletics,"[2, 11]"
Los Angeles Angels,Milwaukee Brewers,"[6, 4]"
San Diego Padres,Kansas City Royals,"[6, 3]"
Arizona Diamondbacks,Texas Rangers,"[3, 10]"
Minnesota Twins,Baltimore Orioles,"[3, 12]"
Philadelphia Phillies,Atlanta Braves,"[7, 7]"
Washington Nationals,Boston Red Sox,"[4, 3]"
Pittsburgh Pirates,Detroit Tigers,"[3, 5]"
Toronto Blue Jays,Tampa Bay Rays,"[3, 2]"
New York Mets,St.Louis Cardinals,"[3, 0]"
Miami Marlins,Houston Astros,"[1, 6]"
Chicago White Sox,San Diego Padres,"[1, 3]"
Oakland Athletics,San Francisco Giants,"[7, 4]"
Texas Rangers,Los Angeles Dodgers,"[6, 4]"
Cleveland Guardians,Arizona Diamondbacks,"[6, 8]"
Seattle Mariners,Kansas City Royals,"[7, 9]"
Milwaukee Brewers,Chicago Cubs,"[1, 6]"
Colorado Rockies,Los Angeles Angels,"[3, 1]"
St.Louis Cardinals,Washington Nationals,"[1, 3]"
Tampa Bay Rays,Atlanta Braves,"[9, 12]"
Atlanta Braves,Minnesota Twins,"[5, 0]"
Boston Red Sox,Detroit Tigers,"[5, 2]"
Baltimore Orioles,Pittsburgh Pirates,"[9, 8]"
Toronto Blue Jays,Philadelphia Phillies,"[0, 5]"
Chicago Cubs,Colorado Rockies,"[9, 10]"
Chicago White Sox,Kansas City Royals,"[6, 1]"
Oakland Athletics,San Diego Padres,"[3, 5]"
Texas Rangers,Milwaukee Brewers,"[7, 5]"
Los Angeles Angels,Cleveland Guardians,"[4, 1]"
Seattle Mariners,Chicago White Sox,"[5, 6]"
Arizona Diamondbacks,San Francisco Giants,"[2, 1]"
Houston Astros,New York Mets,"[2, 1]"
New York Yankees,Miami Marlins,"[0, 0]"
Cincinnati Reds,Los Angeles Dodgers,"[5, 4]"
Washington Nationals,Houston Astros,"[8, 10]"
Philadelphia Phillies,Miami Marlins,"[6, 6]"
St.Louis Cardinals,New York Mets,"[3, 2]"
Minnesota Twins,Boston Red Sox,"[5, 3]"
Atlanta Braves,Baltimore Orioles,"[1, 3]"
Detroit Tigers,Philadelphia Phillies,"[4, 2]"
Pittsburgh Pirates,Tampa Bay Rays,"[12, 8]"
Chicago Cubs,Chicago White Sox,"[10, 6]"
Kansas City Royals,Oakland Athletics,"[5, 4]"
San Francisco Giants,Texas Rangers,"[11, 5]"
San Diego Padres,Los Angeles Angels,"[3, 5]"
Milwaukee Brewers,San Diego Padres,"[4, 3]"
Colorado Rockies,Seattle Mariners,"[10, 9]"
New York Yankees,Toronto Blue Jays,"[8, 4]"
Cincinnati Reds,Arizona Diamondbacks,"[8, 12]"
Los Angeles Dodgers,Cleveland Guardians,"[6, 4]"
Philadelphia Phillies,Minnesota Twins,"[3, 2]"
Houston Astros,St.Louis Cardinals,"[7, 1]"
Tampa Bay Rays,Boston Red Sox,"[2, 3]"
Detroit Tigers,Pittsburgh Pirates,"[3, 7]"
Boston Red Sox,Washington Nationals,"[4, 2]"
Baltimore Orioles,New York Yankees,"[7, 3]"
Toronto Blue Jays,Atlanta Braves,"[2, 6]"
Miami Marlins,New York Mets,"[4, 1]"
Texas Rangers,Chicago White Sox,"[14, 3]"
Los Angeles Dodgers,Chicago Cubs,"[8, 5]"
San Francisco Giants,San Diego Padres,"[2, 3]"
Cleveland Guardians,Kansas City Royals,"[12, 13]"
Los Angeles Angels,Arizona Diamondbacks,"[4, 1]"
Seattle Mariners,Oakland Athletics,"[8, 12]"
Milwaukee Brewers,Los Angeles Dodgers,"[3, 11]"
Colorado Rockies,Cincinnati Reds,"[10, 4]"
Minnesota Twins,Tampa Bay Rays,"[4, 4]"
New York Yankees,Detroit Tigers,"[2, 7]"
Pittsburgh Pirates,Baltimore Orioles,"[2, 5]"
Boston Red Sox,Toronto Blue Jays,"[3, 1]"
Atlanta Braves,Philadelphia Phillies,"[3, 2]"
New York Mets,Houston Astros,"[2, 5]"
Oakland Athletics,Texas Rangers,"[5, 2]"
Kansas City Royals,Cincinnati Reds,"[7, 3]"
Los Angeles Dodgers,Colorado Rockies,"[7, 4]"
Chicago Cubs,Cleveland Guardians,"[5, 3]"
Cleveland Guardians,San Francisco Giants,"[5, 6]"
Los Angeles Angels,Chicago White Sox,"[3, 1]"
San Diego Padres,Seattle Mariners,"[12, 4]"
Arizona Diamondbacks,Milwaukee Brewers,"[4, 10]"
Minnesota Twins,Atlanta Braves,"[4, 3]"
Washington Nationals,St.Louis Cardinals,"[1, 0]"
Tampa Bay Rays,Pittsburgh Pirates,"[3, 7]"
Detroit Tigers,Boston Red Sox,"[2, 1]"
Baltimore Orioles,Minnesota Twins,"[2, 7]"
Toronto Blue Jays,Philadelphia Phillies,"[5, 2]"
Chicago White Sox,Arizona Diamondbacks,"[5, 2]"
Texas Rangers,Los Angeles Angels,"[2, 3]"
Cincinnati Reds,Oakland Athletics,"[15, 8]"
San Diego Padres,Chicago Cubs,"[2, 1]"
Colorado Rockies,San Francisco Giants,"[12, 10]"
Miami Marlins,New York Yankees,"[2, 3]"
Philadelphia Phillies,Baltimore Orioles,"[2, 3]"
St.Louis Cardinals,Minnesota Twins,"[5, 4]"
Atlanta Braves,Detroit Tigers,"[3, 0]"
Boston Red Sox,Tampa Bay Rays,"[7, 4]"
Houston Astros,Miami Marlins,"[0, 2]"
Pittsburgh Pirates,Toronto Blue Jays,"[6, 5]"
New York Mets,New York Yankees,"[5, 4]"
San Francisco Giants,Milwaukee Brewers,"[13, 8]"
Cleveland Guardians,Seattle Mariners,"[4, 1]"
Arizona Diamondbacks,San Diego Padres,"[5, 3]"
Seattle Mariners,Texas Rangers,"[9, 10]"
Los Angeles Dodgers,Los Angeles Angels,"[0, 4]"
Kansas City Royals,Chicago Cubs,"[4, 0]"
New York Yankees,Tampa Bay Rays,"[3, 4]"
Minnesota Twins,Boston Red Sox,"[7, 1]"
Miami Marlins,Washington Nationals,"[3, 9]"
Chicago White Sox,Los Angeles Dodgers,"[9, 12]"
Kansas City Royals,Seattle Mariners,"[7, 8]"
Chicago Cubs,Los Angeles Angels,"[6, 5]"
Cincinnati Reds,Milwaukee Brewers,"[0, 2]"
Los Angeles Angels,Oakland Athletics,"[5, 12]"
San Diego Padres,Cincinnati Reds,"[2, 6]"
Colorado Rockies,Texas Rangers,"[6, 6]"
Milwaukee Brewers,Cleveland Guardians,"[3, 3]"
Baltimore Orioles,Pittsburgh Pirates,"[6, 4]"
St.Louis Cardinals,Houston Astros,"[3, 6]"
Tampa Bay Rays,Philadelphia Phillies,"[3, 2]"
Boston Red Sox,Atlanta Braves,"[2, 3]"
Chicago White Sox,Milwaukee Brewers,"[2, 8]"
Texas Rangers,Arizona Diamondbacks,"[7, 5]"
Seattle Mariners,Los Angeles Angels,"[5, 0]"
Detroit Tigers,Toronto Blue Jays,"[4, 5]"
New York Mets,Washington Nationals,"[3, 1]"
New York Yankees,Detroit Tigers,"[5, 11]"
Cincinnati Reds,Chicago Cubs,"[2, 2]"
Philadelphia Phillies,Houston Astros,"[6, 3]"
Atlanta Braves,Pittsburgh Pirates,"[6, 6]"
Pittsburgh Pirates,Minnesota Twins,"[6, 3]"
Toronto Blue Jays,New York Yankees,"[2, 1]"
Chicago Cubs,Seattle Mariners,"[9, 5]"
Texas Rangers,Kansas City Royals,"[2, 4]"
Cleveland Guardians,Chicago White Sox,"[2, 1]"
Los Angeles Angels,Colorado Rockies,"[8, 7]"
Arizona Diamondbacks,Chicago Cubs,"[7, 5]"
Milwaukee Brewers,Oakland Athletics,"[7, 4]"
Baltimore Orioles,Detroit Tigers,"[4, 3]"
Washington Nationals,St.Louis Cardinals,"[6, 7]"
Miami Marlins,New York Mets,"[1, 3]"
Oakland Athletics,Milwaukee Brewers,"[4, 5]"
Houston Astros,Washington Nationals,"[9, 4]"
Philadelphia Phillies,Toronto Blue Jays,"[5, 13]"
St.Louis Cardinals,New York Mets,"[3, 9]"
Minnesota Twins,New York Yankees,"[10, 7]"
Atlanta Braves,Baltimore Orioles,"[3, 10]"
Detroit Tigers,Pittsburgh Pirates,"[8, 5]"
Chicago Cubs,Colorado Rockies,"[5, 0]"
Kansas City Royals,Arizona Diamondbacks,"[6, 5]"
Los Angeles Dodgers,Texas Rangers,"[7, 1]"
San Francisco Giants,Oakland Athletics,"[5, 1]"
Cleveland Guardians,Los Angeles Angels,"[4, 5]"
San Diego Padres,Chicago White Sox,"[1, 1]"
Milwaukee Brewers,Seattle Mariners,"[5, 7]"
Arizona Diamondbacks,Cincinnati Reds,"[5, 7]"
Oakland Athletics,Milwaukee Brewers,"[4, 2]"
Tampa Bay Rays,Boston Red Sox,"[0, 4]"
Washington Nationals,Miami Marlins,"[1, 4]"
Minnesota Twins,Washington Nationals,"[3, 7]"
New York Yankees,Atlanta Braves,"[9, 8]"
Baltimore Orioles,Toronto Blue Jays,"[6, 6]"
Boston Red Sox,Tampa Bay Rays,"[7, 6]"
Houston Astros,Miami Marlins,"[0, 3]"
Pittsburgh Pirates,Philadelphia Phillies,"[7, 9]"
Toronto Blue Jays,Baltimore Orioles,"[6, 11]"
New York Mets,Detroit Tigers,"[2, 3]"
Miami Marlins,St.Louis Cardinals,"[8, 12]"
Texas Rangers,Chicago Cubs,"[1, 5]"
Los Angeles Dodgers,Arizona Diamondbacks,"[12, 1]"
San Francisco Giants,Chicago White Sox,"[5, 4]"
Oakland Athletics,Kansas City Royals,"[6, 3]"
Cincinnati Reds,Cleveland Guardians,"[5, 3]"
Los Angeles Angels,San Diego Padres,"[5, 4]"
Colorado Rockies,Milwaukee Brewers,"[3, 1]"
Seattle Mariners,San Francisco Giants,"[8, 3]"
New York Yankees,Baltimore Orioles,"[5, 3]"
Philadelphia Phillies,New York Yankees,"[1, 2]"
St.Louis Cardinals,Washington Nationals,"[4, 11]"
Atlanta Braves,Minnesota Twins,"[3, 0]"
Boston Red Sox,Pittsburgh Pirates,"[1, 0]"
Houston Astros,Detroit Tigers,"[3, 5]"
Tampa Bay Rays,Toronto Blue Jays,"[2, 9]"
Chicago White Sox,Colorado Rockies,"[2, 7]"
Kansas City Royals,San Francisco Giants,"[9, 12]"
Cleveland Guardians,Los Angeles Dodgers,"[5, 1]"
Los Angeles Angels,Texas Rangers,"[5, 15]"
Arizona Diamondbacks,Oakland Athletics,"[5, 6]"
Seattle Mariners,San Diego Padres,"[3, 13]"
New York Mets,Miami Marlins,"[0, 1]"
Detroit Tigers,Minnesota Twins,"[1, 0]"
Pittsburgh Pirates,Atlanta Braves,"[5, 1]"
Boston Red Sox,St.Louis Cardinals,"[6, 8]"
Baltimore Orioles,Tampa Bay Rays,"[12, 8]"
Toronto Blue Jays,New York Yankees,"[8, 1]"
Miami Marlins,Houston Astros,"[1, 9]"
Los Angeles Dodgers,San Francisco Giants,"[6, 4]"
Oakland Athletics,Seattle Mariners,"[4, 2]"
Texas Rangers,Cleveland Guardians,"[0, 3]"
San Diego Padres,Arizona Diamondbacks,"[2, 2]"
Colorado Rockies,Kansas City Royals,"[4, 2]"
Washington Nationals,New York Mets,"[4, 1]"
Cincinnati Reds,Chicago White Sox,"[1, 14]"
Chicago Cubs,Milwaukee Brewers,"[6, 5]"
Minnesota Twins,St.Louis Cardinals,"[1, 1]"
New York Yankees,Boston Red Sox,"[4, 9]"
Philadelphia Phillies,Detroit Tigers,"[4, 1]"
Tampa Bay Rays,Minnesota Twins,"[4, 3]"
Toronto Blue Jays,Pittsburgh Pirates,"[10, 3]"
Miami Marlins,Washington Nationals,"[1, 2]"
San Francisco Giants,Cincinnati Reds,"[11, 19]"
Kansas City Royals,Los Angeles Angels,"[3, 2]"
Los Angeles Dodgers,Seattle Mariners,"[1, 8]"
Cleveland Guardians,Chicago Cubs,"[3, 8]"
San Diego Padres,Oakland Athletics,"[12, 11]"
Arizona Diamondbacks,Colorado Rockies,"[5, 7]"
Milwaukee Brewers,Chicago White Sox,"[4, 15]"
Baltimore Orioles,Atlanta Braves,"[5, 7]"
New York Mets,Houston Astros,"[6, 5]"
Minnesota Twins,Toronto Blue Jays,"[1, 5]"
St.Louis Cardinals,New York Mets,"[0, 0]"
Philadelphia Phillies,Boston Red Sox,"[6, 1]"
Detroit Tigers,New York Yankees,"[7, 0]"
Atlanta Braves,Tampa Bay Rays,"[1, 3]"
Pittsburgh Pirates,Baltimore Orioles,"[2, 5]"
Chicago Cubs,Oakland Athletics,"[3, 1]"
Chicago White Sox,Los Angeles Angels,"[5, 1]"
Cleveland Guardians,Colorado Rockies,"[13, 7]"
Seattle Mariners,Milwaukee Brewers,"[4, 2]"
Arizona Diamondbacks,Kansas City Royals,"[0, 6]"
Washington Nationals,Houston Astros,"[5, 3]"
Texas Rangers,Cincinnati Reds,"[7, 4]"
Tampa Bay Rays,Baltimore Orioles,"[7, 2]"
Detroit Tigers,Atlanta Braves,"[6, 1]"
Toronto Blue Jays,Detroit Tigers,"[6, 9]"
Chicago White Sox,Chicago Cubs,"[3, 2]"
Kansas City Royals,Cleveland Guardians,"[1, 6]"
Houston Astros,Philadelphia Phillies,"[5, 3]"
Boston Red Sox,Minnesota Twins,"[8, 5]"
St.Louis Cardinals,Miami Marlins,"[4, 8]"
New York Mets,Washington Nationals,"[3, 7]"
New York Yankees,Pittsburgh Pirates,"[2, 6]"
Washington Nationals,St.Louis Cardinals,"[5, 8]"
Minnesota Twins,Tampa Bay Rays,"[6, 5]"
New York Yankees,Toronto Blue Jays,"[10, 9]"
Baltimore Orioles,Boston Red Sox,"[5, 4]"
Miami Marlins,Philadelphia Phillies,"[3, 3]"
San Francisco Giants,Cleveland Guardians,"[6, 0]"
Texas Rangers,Arizona Diamondbacks,"[4, 5]"
Chicago Cubs,Kansas City Royals,"[7, 6]"
Oakland Athletics,Milwaukee Brewers,"[4, 11]"
Chicago White Sox,San Francisco Giants,"[7, 11]"
Pittsburgh Pirates,Detroit Tigers,"[4, 6]"
Cincinnati Reds,Seattle Mariners,"[7, 11]"
Los Angeles Angels,Chicago Cubs,"[3, 4]"
Seattle Mariners,Chicago White Sox,"[8, 2]"
Milwaukee Brewers,Texas Rangers,"[5, 1]"
Colorado Rockies,Oakland Athletics,"[11, 9]"
Houston Astros,New York Mets,"[1, 6]"
Atlanta Braves,Pittsburgh Pirates,"[2, 4]"
Philadelphia Phillies,Toronto Blue Jays,"[5, 5]"
St.Louis Cardinals,Houston Astros,"[10, 6]"
Washington Nationals,New York Mets,"[9, 8]"
Detroit Tigers,Baltimore Orioles,"[4, 4]"
Pittsburgh Pirates,Tampa Bay Rays,"[8, 4]"
Boston Red Sox,New York Yankees,"[12, 6]"
Atlanta Braves,Boston Red Sox,"[3, 3]"
Baltimore Orioles,Atlanta Braves,"[8, 2]"
Toronto Blue Jays,Minnesota Twins,"[9, 4]"
New York Mets,Miami Marlins,"[7, 6]"
Chicago Cubs,Texas Rangers,"[8, 6]"
Oakland Athletics,Chicago White Sox,"[3, 3]"
San Francisco Giants,Colorado Rockies,"[3, 5]"
Seattle Mariners,Arizona Diamondbacks,"[4, 5]"
Arizona Diamondbacks,Los Angeles Angels,"[2, 0]"
Kansas City Royals,Milwaukee Brewers,"[4, 6]"
Cleveland Guardians,Cincinnati Reds,"[4, 2]"
Minnesota Twins,Boston Red Sox,"[5, 2]"
New York Yankees,Philadelphia Phillies,"[4, 3]"
Philadelphia Phillies,Pittsburgh Pirates,"[2, 11]"
Tampa Bay Rays,Atlanta Braves,"[7, 3]"
Miami Marlins,Houston Astros,"[6, 5]"
Chicago White Sox,Cleveland Guardians,"[5, 8]"
Texas Rangers,Seattle Mariners,"[5, 9]"
Milwaukee Brewers,Los Angeles Angels,"[4, 3]"
Arizona Diamondbacks,Oakland Athletics,"[3, 3]"
Houston Astros,Washington Nationals,"[1, 10]"
Cincinnati Reds,San Francisco Giants,"[2, 4]"
St.Louis Cardinals,Miami Marlins,"[11, 10]"
Boston Red Sox,Tampa Bay Rays,"[5, 2]"
Toronto Blue Jays,Baltimore Orioles,"[8, 13]"
Texas Rangers,Oakland Athletics,"[7, 7]"
Cleveland Guardians,Milwaukee Brewers,"[5, 8]"
Los Angeles Angels,Cincinnati Reds,"[10, 6]"
Seattle Mariners,Colorado Rockies,"[12, 3]"
Colorado Rockies,Cleveland Guardians,"[8, 8]"
Houston Astros,Miami Marlins,"[3, 3]"
Detroit Tigers,Philadelphia Phillies,"[0, 0]"
New York Mets,St.Louis Cardinals,"[3, 1]"
Chicago Cubs,Arizona Diamondbacks,"[1, 4]"
San Francisco Giants,Kansas City Royals,"[9, 8]"
San Diego Padres,Los Angeles Dodgers,"[2, 5]"
Minnesota Twins,Detroit Tigers,"[3, 12]"
Atlanta Braves,Toronto Blue Jays,"[10, 9]"
Miami Marlins,New York Mets,"[3, 6]"
Chicago White Sox,Cincinnati Reds,"[1, 3]"
Oakland Athletics,Chicago Cubs,"[3, 1]"
Cincinnati Reds,Texas Rangers,"[1, 8]"
Los Angeles Angels,San Francisco Giants,"[2, 5]"
Arizona Diamondbacks,Colorado Rockies,"[5, 1]"
Baltimore Orioles,Philadelphia Phillies,"[13, 4]"
Washington Nationals,St.Louis Cardinals,"[4, 13]"
New York Yankees,Pittsburgh Pirates,"[12, 0]"
Kansas City Royals,Los Angeles Angels,"[8, 8]"
Los Angeles Dodgers,San Diego Padres,"[11, 15]"
Philadelphia Phillies,Tampa Bay Rays,"[5, 6]"
St.Louis Cardinals,Houston Astros,"[1, 9]"
Washington Nationals,Minnesota Twins,"[9, 8]"
Detroit Tigers,New York Mets,"[5, 10]"
Atlanta Braves,New York Yankees,"[5, 2]"
Kansas City Royals,Chicago White Sox,"[3, 3]"
Cleveland Guardians,Kansas City Royals,"[8, 5]"
Colorado Rockies,Chicago Cubs,"[2, 5]"
Pittsburgh Pirates,Toronto Blue Jays,"[2, 3]"
Boston Red Sox,Baltimore Orioles,"[3, 2]"
Milwaukee Brewers,San Francisco Giants,"[6, 7]"
Seattle Mariners,Cincinnati Reds,"[7, 6]"
Philadelphia Phillies,Detroit Tigers,"[3, 4]"
New York Yankees,New York Mets,"[5, 3]"
Toronto Blue Jays,Boston Red Sox,"[5, 1]"
Chicago Cubs,San Francisco Giants,"[3, 7]"
Chicago White Sox,Oakland Athletics,"[8, 2]"
Oakland Athletics,Cincinnati Reds,"[8, 6]"
San Francisco Giants,Chicago Cubs,"[13, 12]"
Texas Rangers,Colorado Rockies,"[2, 3]"
Cleveland Guardians,Texas Rangers,"[10, 0]"
Los Angeles Angels,Chicago White Sox,"[2, 0]"
Arizona Diamondbacks,Seattle Mariners,"[3, 3]"
Milwaukee Brewers,Kansas City Royals,"[11, 5]"
Seattle Mariners,Milwaukee Brewers,"[4, 4]"
New York Yankees,Philadelphia Phillies,"[6, 6]"
St.Louis Cardinals,Washington Nationals,"[2, 2]"
Tampa Bay Rays,Baltimore Orioles,"[4, 6]"
Detroit Tigers,New York Yankees,"[11, 6]"
Pittsburgh Pirates,Boston Red Sox,"[4, 1]"
Atlanta Braves,Tampa Bay Rays,"[2, 5]"
Toronto Blue Jays,Detroit Tigers,"[7, 10]"
New York Mets,Houston Astros,"[5, 13]"
Oakland Athletics,Los Angeles Angels,"[11, 5]"
Kansas City Royals,Texas Rangers,"[1, 1]"
Chicago Cubs,Milwaukee Brewers,"[4, 7]"
Chicago White Sox,Seattle Mariners,"[2, 8]"
San Francisco Giants,Arizona Diamondbacks,"[5, 11]"
Cincinnati Reds,Colorado Rockies,"[6, 2]"
Arizona Diamondbacks,Cleveland Guardians,"[0, 5]"
Baltimore Orioles,Toronto Blue Jays,"[3, 2]"
Boston Red Sox,Minnesota Twins,"[8, 6]"
Washington Nationals,Miami Marlins,"[3, 5]"
Houston Astros,St.Louis Cardinals,"[9, 4]"
Minnesota Twins,Baltimore Orioles,"[3, 8]"
Philadelphia Phillies,Toronto Blue Jays,"[2, 0]"
Pittsburgh Pirates,New York Yankees,"[0, 1]"
Boston Red Sox,Atlanta Braves,"[5, 5]"
Detroit Tigers,Tampa Bay Rays,"[3, 2]"
New York Mets,Washington Nationals,"[10, 1]"
Miami Marlins,New York Mets,"[5, 1]"
Cincinnati Reds,Cleveland Guardians,"[7, 10]"
Milwaukee Brewers,Arizona Diamondbacks,"[14, 4]"
Colorado Rockies,Chicago White Sox,"[7, 3]"
Seattle Mariners,Chicago Cubs,"[9, 9]"
Los Angeles Dodgers,Los Angeles Angels,"[5, 3]"
Philadelphia Phillies,Tampa Bay Rays,"[3, 6]"
New York Yankees,New York Mets,"[3, 0]"
Atlanta Braves,Minnesota Twins,"[4, 0]"
Pittsburgh Pirates,Toronto Blue Jays,"[4, 3]"
Chicago Cubs,St.Louis Cardinals,"[3, 6]"
Milwaukee Brewers,Colorado Rockies,"[10, 1]"
Texas Rangers,Boston Red Sox,"[2, 9]"
Los Angeles Dodgers,Los Angeles Angels,"[0, 6]"
Arizona Diamondbacks,Cleveland Guardians,"[6, 0]"
Oakland Athletics,San Francisco Giants,"[1, 4]"
San Diego Padres,Seattle Mariners,"[1, 4]"
Tampa Bay Rays,Detroit Tigers,"[3, 3]"
Minnesota Twins,Atlanta Braves,"[9, 6]"
Texas Rangers,Boston Red Sox,"[1, 4]"
Chicago Cubs,St.Louis Cardinals,"[2, 7]"
Colorado Rockies,Milwaukee Brewers,"[6, 1]"
Arizona Diamondbacks,Cleveland Guardians,"[6, 1]"
San Diego Padres,Seattle Mariners,"[6, 7]"
San Francisco Giants,Oakland Athletics,"[1, 3]"
Los Angeles Angels,Los Angeles Dodgers,"[4, 3]"
Baltimore Orioles,Los Angeles Angels,"[11, 3]"
Tampa Bay Rays,Toronto Blue Jays,"[2, 8]"
San Diego Padres,San Francisco Giants,"[6, 4]"
Miami Marlins,Pittsburgh Pirates,"[5, 6]"
Los Angeles Dodgers,St.Louis Cardinals,"[7, 1]"
Kansas City Royals,Minnesota Twins,"[1, 4]"
Cincinnati Reds,Washington Nationals,"[8, 2]"
Chicago White Sox,Detroit Tigers,"[0, 1]"
Houston Astros,New York Yankees,"[4, 5]"
Texas Rangers,Chicago Cubs,"[4, 3]"
Oakland Athletics,Cleveland Guardians,"[0, 8]"
Arizona Diamondbacks,Colorado Rockies,"[16, 1]"
Seattle Mariners,Boston Red Sox,"[4, 6]"
New York Mets,Milwaukee Brewers,"[1, 3]"
Philadelphia Phillies,Atlanta Braves,"[3, 9]"
Tampa Bay Rays,Toronto Blue Jays,"[8, 2]"
Miami Marlins,Pittsburgh Pirates,"[2, 7]"
Houston Astros,New York Yankees,"[1, 7]"
Arizona Diamondbacks,Colorado Rockies,"[7, 3]"
Oakland Athletics,Cleveland Guardians,"[4, 6]"
San Diego Padres,San Francisco Giants,"[3, 8]"
Seattle Mariners,Boston Red Sox,"[1, 0]"
Los Angeles Dodgers,St.Louis Cardinals,"[6, 3]"
New York Mets,Milwaukee Brewers,"[6, 7]"
Chicago White Sox,Detroit Tigers,"[6, 7]"
Philadelphia Phillies,Atlanta Braves,"[4, 12]"
Baltimore Orioles,Los Angeles Angels,"[13, 4]"
Oakland Athletics,Cleveland Guardians,"[3, 12]"
Cincinnati Reds,Washington Nationals,"[6, 7]"
Kansas City Royals,Minnesota Twins,"[1, 5]"
Miami Marlins,Pittsburgh Pirates,"[3, 9]"
Tampa Bay Rays,Toronto Blue Jays,"[5, 1]"
Texas Rangers,Chicago Cubs,"[11, 2]"
Houston Astros,New York Yankees,"[3, 5]"
San Diego Padres,San Francisco Giants,"[6, 9]"
Arizona Diamondbacks,Colorado Rockies,"[4, 9]"
Los Angeles Dodgers,St.Louis Cardinals,"[5, 6]"
Seattle Mariners,Boston Red Sox,"[4, 3]"
Baltimore Orioles,Los Angeles Angels,"[1, 4]"
Philadelphia Phillies,Atlanta Braves,"[5, 4]"
Cincinnati Reds,Washington Nationals,"[6, 5]"
Miami Marlins,Pittsburgh Pirates,"[7, 9]"
New York Mets,Milwaukee Brewers,"[1, 4]"
Tampa Bay Rays,Toronto Blue Jays,"[2, 9]"
Chicago White Sox,Detroit Tigers,"[2, 3]"
Kansas City Royals,Minnesota Twins,"[11, 0]"
Houston Astros,New York Yankees,"[3, 4]"
Texas Rangers,Chicago Cubs,"[5, 9]"
Oakland Athletics,Cleveland Guardians,"[4, 3]"
Arizona Diamondbacks,Colorado Rockies,"[5, 1]"
San Diego Padres,San Francisco Giants,"[13, 4]"
Seattle Mariners,Boston Red Sox,"[1, 5]"
Los Angeles Dodgers,St.Louis Cardinals,"[5, 4]"
Chicago White Sox,Atlanta Braves,"[0, 9]"
Chicago Cubs,Colorado Rockies,"[5, 0]"
Washington Nationals,Pittsburgh Pirates,"[4, 8]"
Baltimore Orioles,Kansas City Royals,"[6, 4]"
Miami Marlins,Los Angeles Angels,"[4, 7]"
Philadelphia Phillies,Cincinnati Reds,"[3, 6]"
Tampa Bay Rays,Texas Rangers,"[3, 9]"
New York Mets,Detroit Tigers,"[0, 5]"
Houston Astros,Toronto Blue Jays,"[10, 0]"
Arizona Diamondbacks,New York Yankees,"[2, 5]"
Seattle Mariners,Cleveland Guardians,"[5, 4]"
San Diego Padres,St.Louis Cardinals,"[2, 6]"
Oakland Athletics,Boston Red Sox,"[0, 9]"
Los Angeles Dodgers,San Francisco Giants,"[8, 3]"
Milwaukee Brewers,Minnesota Twins,"[3, 2]"
Baltimore Orioles,Kansas City Royals,"[1, 4]"
Miami Marlins,Los Angeles Angels,"[1, 3]"
Philadelphia Phillies,Cincinnati Reds,"[9, 4]"
Tampa Bay Rays,Texas Rangers,"[5, 2]"
Chicago White Sox,Atlanta Braves,"[3, 2]"
Chicago Cubs,Colorado Rockies,"[12, 2]"
Houston Astros,Toronto Blue Jays,"[1, 2]"
Arizona Diamondbacks,New York Yankees,"[7, 0]"
Oakland Athletics,Boston Red Sox,"[4, 5]"
San Diego Padres,St.Louis Cardinals,"[2, 5]"
Seattle Mariners,Cleveland Guardians,"[2, 5]"
Los Angeles Dodgers,San Francisco Giants,"[5, 4]"
Baltimore Orioles,Kansas City Royals,"[4, 3]"
Tampa Bay Rays,Texas Rangers,"[1, 4]"
Milwaukee Brewers,Minnesota Twins,"[3, 7]"
Miami Marlins,Los Angeles Angels,"[2, 10]"
Oakland Athletics,Boston Red Sox,"[0, 1]"
Arizona Diamondbacks,New York Yankees,"[5, 6]"
Philadelphia Phillies,Cincinnati Reds,"[1, 4]"
San Diego Padres,St.Louis Cardinals,"[3, 2]"
Seattle Mariners,Cleveland Guardians,"[0, 8]"
Washington Nationals,Pittsburgh Pirates,"[5, 3]"
Chicago Cubs,Colorado Rockies,"[9, 8]"
Houston Astros,Toronto Blue Jays,"[8, 0]"
Los Angeles Dodgers,San Francisco Giants,"[5, 4]"
New York Mets,Detroit Tigers,"[3, 6]"
New York Mets,Detroit Tigers,"[2, 1]"
Washington Nationals,Pittsburgh Pirates,"[4, 7]"
Minnesota Twins,Cleveland Guardians,"[2, 4]"
St.Louis Cardinals,Miami Marlins,"[8, 5]"
Kansas City Royals,Chicago White Sox,"[10, 1]"
New York Yankees,Toronto Blue Jays,"[0, 3]"
Detroit Tigers,Oakland Athletics,"[5, 4]"
Chicago Cubs,Los Angeles Dodgers,"[9, 7]"
Colorado Rockies,Tampa Bay Rays,"[10, 7]"
Pittsburgh Pirates,Baltimore Orioles,"[2, 5]"
San Francisco Giants,San Diego Padres,"[3, 2]"
Cincinnati Reds,New York Mets,"[2, 3]"
Washington Nationals,Philadelphia Phillies,"[0, 4]"
Atlanta Braves,Arizona Diamondbacks,"[6, 5]"
Kansas City Royals,Chicago White Sox,"[2, 1]"
Texas Rangers,Houston Astros,"[10, 2]"
Milwaukee Brewers,Seattle Mariners,"[6, 5]"
Los Angeles Angels,Boston Red Sox,"[6, 8]"
Detroit Tigers,Oakland Athletics,"[0, 4]"
Minnesota Twins,Cleveland Guardians,"[1, 3]"
St.Louis Cardinals,Miami Marlins,"[3, 1]"
Chicago Cubs,Los Angeles Dodgers,"[1, 4]"
Pittsburgh Pirates,Baltimore Orioles,"[5, 4]"
Washington Nationals,Philadelphia Phillies,"[2, 5]"
Cincinnati Reds,New York Mets,"[9, 6]"
New York Yankees,Toronto Blue Jays,"[9, 8]"
Texas Rangers,Houston Astros,"[7, 2]"
Kansas City Royals,Chicago White Sox,"[3, 0]"
Milwaukee Brewers,Seattle Mariners,"[3, 5]"
Atlanta Braves,Arizona Diamondbacks,"[9, 8]"
Colorado Rockies,Tampa Bay Rays,"[6, 8]"
San Francisco Giants,San Diego Padres,"[0, 4]"
Los Angeles Angels,Boston Red Sox,"[2, 1]"
Atlanta Braves,Arizona Diamondbacks,"[5, 2]"
New York Yankees,Toronto Blue Jays,"[8, 3]"
Pittsburgh Pirates,Baltimore Orioles,"[3, 2]"
Washington Nationals,Philadelphia Phillies,"[3, 2]"
Cincinnati Reds,New York Mets,"[1, 3]"
Detroit Tigers,Oakland Athletics,"[1, 7]"
Milwaukee Brewers,Seattle Mariners,"[12, 4]"
Kansas City Royals,Chicago White Sox,"[5, 3]"
St.Louis Cardinals,Miami Marlins,"[3, 10]"
Chicago Cubs,Los Angeles Dodgers,"[8, 1]"
Colorado Rockies,Tampa Bay Rays,"[2, 3]"
San Francisco Giants,San Diego Padres,"[3, 2]"
Los Angeles Angels,Boston Red Sox,"[2, 12]"
Texas Rangers,Houston Astros,"[1, 3]"
Cleveland Guardians,Chicago White Sox,"[4, 0]"
New York Yankees,Miami Marlins,"[7, 0]"
Cincinnati Reds,Milwaukee Brewers,"[10, 8]"
Pittsburgh Pirates,Detroit Tigers,"[7, 4]"
Toronto Blue Jays,Seattle Mariners,"[5, 2]"
Atlanta Braves,New York Mets,"[7, 8]"
Minnesota Twins,Los Angeles Dodgers,"[2, 4]"
St.Louis Cardinals,Philadelphia Phillies,"[3, 5]"
Texas Rangers,Houston Astros,"[5, 10]"
Colorado Rockies,Arizona Diamondbacks,"[7, 5]"
Los Angeles Angels,Tampa Bay Rays,"[7, 1]"
San Diego Padres,Chicago Cubs,"[9, 8]"
San Francisco Giants,Washington Nationals,"[1, 8]"
Pittsburgh Pirates,Detroit Tigers,"[3, 5]"
Boston Red Sox,Baltimore Orioles,"[1, 7]"
Cleveland Guardians,Chicago White Sox,"[5, 7]"
Cincinnati Reds,Milwaukee Brewers,"[5, 9]"
New York Yankees,Miami Marlins,"[3, 2]"
Toronto Blue Jays,Seattle Mariners,"[5, 3]"
Atlanta Braves,New York Mets,"[6, 5]"
Kansas City Royals,Houston Astros,"[4, 3]"
Minnesota Twins,Los Angeles Dodgers,"[3, 6]"
St.Louis Cardinals,Philadelphia Phillies,"[3, 0]"
Texas Rangers,Oakland Athletics,"[3, 4]"
Colorado Rockies,Arizona Diamondbacks,"[2, 3]"
Los Angeles Angels,Tampa Bay Rays,"[4, 6]"
San Francisco Giants,Washington Nationals,"[3, 5]"
San Diego Padres,Chicago Cubs,"[1, 5]"
Minnesota Twins,Los Angeles Dodgers,"[3, 2]"
St.Louis Cardinals,Philadelphia Phillies,"[3, 4]"
Toronto Blue Jays,Seattle Mariners,"[1, 6]"
Colorado Rockies,Arizona Diamondbacks,"[3, 5]"
San Francisco Giants,Washington Nationals,"[7, 1]"
Los Angeles Angels,Tampa Bay Rays,"[2, 4]"
Cleveland Guardians,Chicago White Sox,"[7, 6]"
Cincinnati Reds,Milwaukee Brewers,"[2, 7]"
San Diego Padres,Chicago Cubs,"[10, 2]"
New York Yankees,Miami Marlins,"[2, 5]"
Boston Red Sox,Baltimore Orioles,"[5, 7]"
Kansas City Royals,Houston Astros,"[11, 2]"
Texas Rangers,Oakland Athletics,"[6, 2]"
Atlanta Braves,New York Mets,"[4, 16]"
Kansas City Royals,Houston Astros,"[13, 3]"
Texas Rangers,Oakland Athletics,"[0, 1]"
Philadelphia Phillies,Pittsburgh Pirates,"[5, 1]"
Boston Red Sox,Baltimore Orioles,"[4, 9]"
Detroit Tigers,Minnesota Twins,"[8, 2]"
Philadelphia Phillies,Pittsburgh Pirates,"[2, 5]"
Tampa Bay Rays,San Francisco Giants,"[2, 1]"
Baltimore Orioles,Milwaukee Brewers,"[1, 11]"
Toronto Blue Jays,Colorado Rockies,"[4, 12]"
Boston Red Sox,Los Angeles Angels,"[0, 7]"
Miami Marlins,Atlanta Braves,"[1, 8]"
New York Mets,Kansas City Royals,"[6, 1]"
Chicago White Sox,Cincinnati Reds,"[1, 11]"
Houston Astros,Texas Rangers,"[8, 12]"
Arizona Diamondbacks,St.Louis Cardinals,"[6, 9]"
Seattle Mariners,Chicago Cubs,"[4, 2]"
Oakland Athletics,Washington Nationals,"[2, 1]"
Los Angeles Dodgers,San Diego Padres,"[7, 8]"
Cleveland Guardians,New York Yankees,"[2, 3]"
Detroit Tigers,Minnesota Twins,"[5, 11]"
New York Mets,Kansas City Royals,"[7, 11]"
Chicago White Sox,Cincinnati Reds,"[0, 5]"
Toronto Blue Jays,Colorado Rockies,"[5, 3]"
Houston Astros,Texas Rangers,"[9, 2]"
Philadelphia Phillies,Pittsburgh Pirates,"[4, 3]"
Baltimore Orioles,Milwaukee Brewers,"[5, 11]"
Oakland Athletics,Washington Nationals,"[1, 3]"
Detroit Tigers,Minnesota Twins,"[1, 4]"
Boston Red Sox,Los Angeles Angels,"[7, 2]"
Miami Marlins,Atlanta Braves,"[5, 1]"
Tampa Bay Rays,San Francisco Giants,"[2, 11]"
Cleveland Guardians,New York Yankees,"[2, 8]"
Arizona Diamondbacks,St.Louis Cardinals,"[4, 2]"
Los Angeles Dodgers,San Diego Padres,"[5, 2]"
Seattle Mariners,Chicago Cubs,"[1, 4]"
Philadelphia Phillies,Pittsburgh Pirates,"[2, 9]"
Boston Red Sox,Los Angeles Angels,"[5, 4]"
Baltimore Orioles,Milwaukee Brewers,"[6, 4]"
Toronto Blue Jays,Colorado Rockies,"[5, 0]"
Detroit Tigers,Minnesota Twins,"[4, 3]"
Miami Marlins,Atlanta Braves,"[7, 9]"
New York Mets,Kansas City Royals,"[2, 1]"
Tampa Bay Rays,San Francisco Giants,"[9, 4]"
Cleveland Guardians,New York Yankees,"[8, 7]"
Chicago White Sox,Cincinnati Reds,"[4, 11]"
Houston Astros,Texas Rangers,"[8, 5]"
Oakland Athletics,Washington Nationals,"[7, 6]"
Arizona Diamondbacks,St.Louis Cardinals,"[5, 0]"
Seattle Mariners,Chicago Cubs,"[2, 3]"
Los Angeles Dodgers,San Diego Padres,"[3, 6]"
Boston Red Sox,Cleveland Guardians,"[0, 6]"
Baltimore Orioles,Minnesota Twins,"[7, 4]"
Detroit Tigers,Texas Rangers,"[0, 1]"
Miami Marlins,San Francisco Giants,"[3, 4]"
Philadelphia Phillies,Colorado Rockies,"[2, 1]"
Tampa Bay Rays,Los Angeles Angels,"[3, 7]"
Toronto Blue Jays,New York Yankees,"[3, 1]"
New York Mets,Pittsburgh Pirates,"[6, 3]"
Chicago White Sox,Kansas City Royals,"[0, 2]"
Milwaukee Brewers,San Diego Padres,"[3, 7]"
Houston Astros,Atlanta Braves,"[1, 6]"
Arizona Diamondbacks,Chicago Cubs,"[2, 3]"
Oakland Athletics,St.Louis Cardinals,"[1, 3]"
Seattle Mariners,Cincinnati Reds,"[9, 3]"
Los Angeles Dodgers,Washington Nationals,"[4, 6]"
Detroit Tigers,Texas Rangers,"[4, 2]"
Baltimore Orioles,Minnesota Twins,"[11, 3]"
Miami Marlins,San Francisco Giants,"[6, 3]"
Philadelphia Phillies,Colorado Rockies,"[5, 0]"
Tampa Bay Rays,Los Angeles Angels,"[7, 6]"
Toronto Blue Jays,New York Yankees,"[5, 4]"
Boston Red Sox,Cleveland Guardians,"[7, 10]"
New York Mets,Pittsburgh Pirates,"[3, 1]"
Milwaukee Brewers,San Diego Padres,"[3, 6]"
Houston Astros,Atlanta Braves,"[2, 6]"
Arizona Diamondbacks,Chicago Cubs,"[12, 11]"
Oakland Athletics,St.Louis Cardinals,"[2, 3]"
Seattle Mariners,Cincinnati Reds,"[3, 1]"
Los Angeles Dodgers,Washington Nationals,"[6, 2]"
Miami Marlins,San Francisco Giants,"[1, 3]"
Baltimore Orioles,Minnesota Twins,"[4, 2]"
Detroit Tigers,Texas Rangers,"[4, 5]"
Milwaukee Brewers,San Diego Padres,"[1, 0]"
New York Mets,Pittsburgh Pirates,"[9, 1]"
Chicago White Sox,Kansas City Royals,"[2, 4]"
Houston Astros,Atlanta Braves,"[4, 5]"
Toronto Blue Jays,New York Yankees,"[4, 6]"
Los Angeles Dodgers,Washington Nationals,"[0, 2]"
Oakland Athletics,St.Louis Cardinals,"[6, 3]"
Arizona Diamondbacks,Chicago Cubs,"[3, 5]"
Seattle Mariners,Cincinnati Reds,"[5, 1]"
Chicago White Sox,Kansas City Royals,"[2, 1]"
Philadelphia Phillies,Colorado Rockies,"[7, 6]"
Tampa Bay Rays,Los Angeles Angels,"[4, 5]"
Boston Red Sox,Cleveland Guardians,"[2, 0]"
Detroit Tigers,Texas Rangers,"[7, 9]"
Tampa Bay Rays,Los Angeles Angels,"[2, 1]"
Boston Red Sox,Cleveland Guardians,"[4, 5]"
San Francisco Giants,Arizona Diamondbacks,"[5, 0]"
Chicago Cubs,Miami Marlins,"[8, 3]"
Cincinnati Reds,Los Angeles Angels,"[7, 1]"
Philadelphia Phillies,Chicago White Sox,"[7, 0]"
Pittsburgh Pirates,Boston Red Sox,"[1, 8]"
Washington Nationals,Houston Astros,"[3, 5]"
New York Yankees,Tampa Bay Rays,"[5, 3]"
Cleveland Guardians,Oakland Athletics,"[10, 2]"
Atlanta Braves,Texas Rangers,"[8, 3]"
Kansas City Royals,Baltimore Orioles,"[9, 4]"
Minnesota Twins,Detroit Tigers,"[4, 5]"
St.Louis Cardinals,Milwaukee Brewers,"[1, 2]"
San Diego Padres,Toronto Blue Jays,"[1, 5]"
Los Angeles Dodgers,New York Mets,"[4, 9]"
San Francisco Giants,Arizona Diamondbacks,"[1, 17]"
New York Yankees,Tampa Bay Rays,"[0, 2]"
Minnesota Twins,Detroit Tigers,"[4, 3]"
St.Louis Cardinals,Milwaukee Brewers,"[5, 12]"
Chicago Cubs,Miami Marlins,"[2, 3]"
Los Angeles Dodgers,New York Mets,"[4, 6]"
Pittsburgh Pirates,Boston Red Sox,"[2, 4]"
San Francisco Giants,Arizona Diamondbacks,"[7, 3]"
Washington Nationals,Houston Astros,"[5, 4]"
Philadelphia Phillies,Chicago White Sox,"[9, 5]"
Cleveland Guardians,Oakland Athletics,"[6, 3]"
Cincinnati Reds,Los Angeles Angels,"[7, 5]"
Kansas City Royals,Baltimore Orioles,"[7, 9]"
Atlanta Braves,Texas Rangers,"[5, 2]"
Chicago Cubs,Miami Marlins,"[5, 3]"
Colorado Rockies,Seattle Mariners,"[0, 7]"
San Diego Padres,Toronto Blue Jays,"[2, 5]"
New York Yankees,Tampa Bay Rays,"[5, 4]"
Philadelphia Phillies,Chicago White Sox,"[8, 2]"
Pittsburgh Pirates,Boston Red Sox,"[1, 6]"
Washington Nationals,Houston Astros,"[6, 0]"
Cincinnati Reds,Los Angeles Angels,"[3, 0]"
Cleveland Guardians,Oakland Athletics,"[6, 2]"
Kansas City Royals,Baltimore Orioles,"[0, 5]"
Minnesota Twins,Detroit Tigers,"[1, 6]"
St.Louis Cardinals,Milwaukee Brewers,"[0, 2]"
Chicago Cubs,Miami Marlins,"[3, 6]"
Colorado Rockies,Seattle Mariners,"[2, 1]"
San Francisco Giants,Arizona Diamondbacks,"[3, 5]"
Los Angeles Dodgers,New York Mets,"[10, 0]"
San Diego Padres,Toronto Blue Jays,"[6, 3]"
Atlanta Braves,Texas Rangers,"[4, 6]"
Colorado Rockies,Seattle Mariners,"[2, 10]"
New York Yankees,Oakland Athletics,"[0, 2]"
Cincinnati Reds,Philadelphia Phillies,"[0, 7]"
Pittsburgh Pirates,Milwaukee Brewers,"[4, 2]"
Tampa Bay Rays,Detroit Tigers,"[1, 7]"
Atlanta Braves,Miami Marlins,"[3, 0]"
Kansas City Royals,Toronto Blue Jays,"[3, 5]"
Minnesota Twins,Chicago White Sox,"[7, 0]"
St.Louis Cardinals,Arizona Diamondbacks,"[5, 3]"
Colorado Rockies,San Diego Padres,"[1, 3]"
Los Angeles Angels,Baltimore Orioles,"[2, 4]"
San Francisco Giants,New York Mets,"[5, 2]"
Cleveland Guardians,Boston Red Sox,"[4, 1]"
Cincinnati Reds,Philadelphia Phillies,"[8, 1]"
Pittsburgh Pirates,Milwaukee Brewers,"[2, 1]"
Washington Nationals,Los Angeles Dodgers,"[1, 4]"
Tampa Bay Rays,Detroit Tigers,"[2, 4]"
New York Yankees,Oakland Athletics,"[4, 3]"
Atlanta Braves,Miami Marlins,"[5, 0]"
Chicago Cubs,Houston Astros,"[7, 2]"
Kansas City Royals,Toronto Blue Jays,"[3, 2]"
Minnesota Twins,Chicago White Sox,"[6, 5]"
St.Louis Cardinals,Arizona Diamondbacks,"[1, 14]"
Texas Rangers,Seattle Mariners,"[0, 4]"
Colorado Rockies,San Diego Padres,"[7, 4]"
Los Angeles Angels,Baltimore Orioles,"[7, 4]"
San Francisco Giants,New York Mets,"[5, 1]"
St.Louis Cardinals,Arizona Diamondbacks,"[5, 1]"
San Francisco Giants,New York Mets,"[2, 8]"
Los Angeles Angels,Baltimore Orioles,"[5, 6]"
Cleveland Guardians,Boston Red Sox,"[0, 8]"
Pittsburgh Pirates,Milwaukee Brewers,"[2, 3]"
Cincinnati Reds,Philadelphia Phillies,"[7, 4]"
Washington Nationals,Los Angeles Dodgers,"[2, 11]"
Tampa Bay Rays,Detroit Tigers,"[7, 5]"
New York Yankees,Oakland Athletics,"[7, 3]"
Atlanta Braves,Miami Marlins,"[4, 3]"
Chicago Cubs,Houston Astros,"[4, 3]"
Kansas City Royals,Toronto Blue Jays,"[3, 2]"
Minnesota Twins,Chicago White Sox,"[6, 3]"
Texas Rangers,Seattle Mariners,"[5, 1]"
Colorado Rockies,San Diego Padres,"[2, 5]"
Pittsburgh Pirates,Milwaukee Brewers,"[5, 7]"
Cincinnati Reds,Philadelphia Phillies,"[0, 5]"
Minnesota Twins,Chicago White Sox,"[6, 3]"
Cleveland Guardians,Boston Red Sox,"[6, 4]"
Kansas City Royals,Toronto Blue Jays,"[2, 1]"
Chicago Cubs,Houston Astros,"[3, 1]"
Texas Rangers,Seattle Mariners,"[3, 4]"
Colorado Rockies,San Diego Padres,"[10, 9]"
Washington Nationals,Los Angeles Dodgers,"[1, 2]"
New York Yankees,Oakland Athletics,"[1, 3]"
Detroit Tigers,Kansas City Royals,"[0, 8]"
Baltimore Orioles,Oakland Athletics,"[2, 3]"
Toronto Blue Jays,Los Angeles Dodgers,"[2, 12]"
Boston Red Sox,Chicago Cubs,"[1, 7]"
Miami Marlins,Washington Nationals,"[1, 3]"
New York Mets,St.Louis Cardinals,"[2, 4]"
Atlanta Braves,Cleveland Guardians,"[6, 2]"
Chicago White Sox,Tampa Bay Rays,"[9, 4]"
Texas Rangers,Cincinnati Reds,"[2, 1]"
Milwaukee Brewers,New York Yankees,"[7, 6]"
Los Angeles Angels,Minnesota Twins,"[3, 5]"
San Diego Padres,Philadelphia Phillies,"[3, 9]"
Seattle Mariners,Arizona Diamondbacks,"[6, 1]"
San Francisco Giants,Pittsburgh Pirates,"[3, 0]"
Toronto Blue Jays,Los Angeles Dodgers,"[2, 4]"
Baltimore Orioles,Oakland Athletics,"[7, 0]"
Texas Rangers,Cincinnati Reds,"[4, 8]"
New York Mets,St.Louis Cardinals,"[4, 7]"
Miami Marlins,Washington Nationals,"[4, 11]"
Boston Red Sox,Chicago Cubs,"[17, 0]"
Colorado Rockies,Houston Astros,"[4, 12]"
Detroit Tigers,Kansas City Royals,"[6, 5]"
Chicago White Sox,Tampa Bay Rays,"[8, 7]"
Milwaukee Brewers,New York Yankees,"[3, 15]"
Atlanta Braves,Cleveland Guardians,"[2, 4]"
San Diego Padres,Philadelphia Phillies,"[1, 5]"
San Francisco Giants,Pittsburgh Pirates,"[3, 4]"
Los Angeles Angels,Minnesota Twins,"[5, 16]"
Seattle Mariners,Arizona Diamondbacks,"[3, 1]"
Atlanta Braves,Cleveland Guardians,"[4, 3]"
Baltimore Orioles,Oakland Athletics,"[6, 7]"
Toronto Blue Jays,Los Angeles Dodgers,"[3, 1]"
Detroit Tigers,Kansas City Royals,"[4, 1]"
Miami Marlins,Washington Nationals,"[9, 12]"
New York Mets,St.Louis Cardinals,"[4, 2]"
Chicago White Sox,Tampa Bay Rays,"[4, 2]"
Milwaukee Brewers,New York Yankees,"[5, 15]"
Texas Rangers,Cincinnati Reds,"[4, 3]"
Colorado Rockies,Houston Astros,"[2, 8]"
San Francisco Giants,Pittsburgh Pirates,"[3, 2]"
Los Angeles Angels,Minnesota Twins,"[5, 11]"
San Diego Padres,Philadelphia Phillies,"[6, 8]"
Seattle Mariners,Arizona Diamondbacks,"[2, 3]"
Boston Red Sox,Chicago Cubs,"[5, 4]"
Baltimore Orioles,New York Yankees,"[2, 0]"
Miami Marlins,Washington Nationals,"[2, 7]"
Toronto Blue Jays,Kansas City Royals,"[6, 5]"
New York Mets,Chicago Cubs,"[1, 3]"
Chicago White Sox,Minnesota Twins,"[2, 3]"
Milwaukee Brewers,Tampa Bay Rays,"[0, 1]"
Los Angeles Angels,Philadelphia Phillies,"[6, 5]"
Arizona Diamondbacks,Los Angeles Dodgers,"[4, 8]"
Oakland Athletics,Pittsburgh Pirates,"[5, 1]"
San Diego Padres,Cincinnati Reds,"[2, 5]"
Seattle Mariners,Atlanta Braves,"[2, 1]"
Detroit Tigers,St.Louis Cardinals,"[1, 2]"
Baltimore Orioles,New York Yankees,"[4, 2]"
Miami Marlins,Colorado Rockies,"[7, 6]"
Detroit Tigers,St.Louis Cardinals,"[11, 6]"
Toronto Blue Jays,Kansas City Royals,"[1, 4]"
Boston Red Sox,San Francisco Giants,"[4, 0]"
New York Mets,Chicago Cubs,"[4, 2]"
Chicago White Sox,Minnesota Twins,"[5, 6]"
Milwaukee Brewers,Tampa Bay Rays,"[8, 2]"
Texas Rangers,Washington Nationals,"[7, 1]"
Houston Astros,Cleveland Guardians,"[10, 9]"
Los Angeles Angels,Philadelphia Phillies,"[5, 7]"
Arizona Diamondbacks,Los Angeles Dodgers,"[4, 3]"
Seattle Mariners,Atlanta Braves,"[3, 2]"
Oakland Athletics,Pittsburgh Pirates,"[5, 2]"
San Diego Padres,Cincinnati Reds,"[6, 4]"
Detroit Tigers,St.Louis Cardinals,"[4, 1]"
Milwaukee Brewers,Tampa Bay Rays,"[7, 1]"
Chicago White Sox,Minnesota Twins,"[5, 10]"
Toronto Blue Jays,Kansas City Royals,"[1, 6]"
Oakland Athletics,Pittsburgh Pirates,"[4, 0]"
Seattle Mariners,Atlanta Braves,"[2, 5]"
Los Angeles Angels,Philadelphia Phillies,"[1, 2]"
San Diego Padres,Cincinnati Reds,"[6, 2]"
Baltimore Orioles,New York Yankees,"[0, 2]"
Miami Marlins,Colorado Rockies,"[4, 1]"
Boston Red Sox,San Francisco Giants,"[6, 2]"
New York Mets,Chicago Cubs,"[0, 1]"
Texas Rangers,Washington Nationals,"[0, 1]"
Houston Astros,Cleveland Guardians,"[2, 3]"
Arizona Diamondbacks,Los Angeles Dodgers,"[0, 8]"
Miami Marlins,Colorado Rockies,"[5, 4]"
Baltimore Orioles,New York Yankees,"[7, 2]"
New York Mets,Chicago Cubs,"[7, 6]"
Boston Red Sox,San Francisco Giants,"[1, 3]"
Texas Rangers,Washington Nationals,"[6, 0]"
Houston Astros,Cleveland Guardians,"[8, 2]"
Chicago Cubs,Milwaukee Brewers,"[1, 3]"
Philadelphia Phillies,San Francisco Giants,"[4, 3]"
Pittsburgh Pirates,Colorado Rockies,"[2, 3]"
Washington Nationals,Toronto Blue Jays,"[9, 3]"
Tampa Bay Rays,New York Mets,"[10, 8]"
New York Yankees,Detroit Tigers,"[2, 1]"
Cleveland Guardians,Los Angeles Angels,"[0, 6]"
Kansas City Royals,Texas Rangers,"[7, 1]"
Houston Astros,Seattle Mariners,"[5, 3]"
Minnesota Twins,Boston Red Sox,"[5, 2]"
St.Louis Cardinals,Chicago White Sox,"[3, 0]"
Cincinnati Reds,Baltimore Orioles,"[0, 3]"
Arizona Diamondbacks,San Diego Padres,"[1, 7]"
Oakland Athletics,Miami Marlins,"[3, 1]"
Los Angeles Dodgers,Atlanta Braves,"[4, 3]"
New York Yankees,Detroit Tigers,"[5, 3]"
Minnesota Twins,Boston Red Sox,"[3, 1]"
St.Louis Cardinals,Chicago White Sox,"[5, 6]"
Chicago Cubs,Milwaukee Brewers,"[6, 5]"
Pittsburgh Pirates,Colorado Rockies,"[1, 0]"
Washington Nationals,Toronto Blue Jays,"[3, 6]"
Oakland Athletics,Miami Marlins,"[20, 4]"
Philadelphia Phillies,San Francisco Giants,"[14, 3]"
Cleveland Guardians,Los Angeles Angels,"[7, 1]"
Cincinnati Reds,Baltimore Orioles,"[1, 2]"
Kansas City Royals,Texas Rangers,"[4, 15]"
Houston Astros,Seattle Mariners,"[0, 5]"
Tampa Bay Rays,New York Mets,"[3, 1]"
Arizona Diamondbacks,San Diego Padres,"[1, 13]"
Los Angeles Dodgers,Atlanta Braves,"[11, 2]"
New York Yankees,Detroit Tigers,"[5, 2]"
Pittsburgh Pirates,Colorado Rockies,"[5, 3]"
Washington Nationals,Toronto Blue Jays,"[11, 8]"
Tampa Bay Rays,New York Mets,"[7, 6]"
Cleveland Guardians,Los Angeles Angels,"[4, 1]"
Kansas City Royals,Texas Rangers,"[2, 3]"
Minnesota Twins,Boston Red Sox,"[2, 9]"
Houston Astros,Seattle Mariners,"[4, 5]"
St.Louis Cardinals,Chicago White Sox,"[1, 5]"
Chicago Cubs,Milwaukee Brewers,"[5, 0]"
Oakland Athletics,Miami Marlins,"[3, 12]"
Arizona Diamondbacks,San Diego Padres,"[11, 4]"
Cincinnati Reds,Baltimore Orioles,"[1, 11]"
Los Angeles Dodgers,Atlanta Braves,"[5, 1]"
Philadelphia Phillies,San Francisco Giants,"[5, 4]"
Philadelphia Phillies,San Francisco Giants,"[6, 1]"
Cleveland Guardians,Detroit Tigers,"[2, 1]"
Pittsburgh Pirates,Los Angeles Angels,"[4, 1]"
Tampa Bay Rays,Chicago White Sox,"[8, 2]"
Kansas City Royals,Milwaukee Brewers,"[3, 2]"
Chicago Cubs,San Diego Padres,"[3, 6]"
Minnesota Twins,Seattle Mariners,"[3, 1]"
St.Louis Cardinals,New York Mets,"[3, 4]"
Oakland Athletics,Texas Rangers,"[2, 4]"
Los Angeles Dodgers,Miami Marlins,"[6, 3]"
Oakland Athletics,Texas Rangers,"[8, 15]"
Cleveland Guardians,Detroit Tigers,"[7, 11]"
Cincinnati Reds,Arizona Diamondbacks,"[2, 6]"
Philadelphia Phillies,Toronto Blue Jays,"[10, 1]"
Pittsburgh Pirates,Los Angeles Angels,"[0, 9]"
Washington Nationals,Baltimore Orioles,"[3, 0]"
Tampa Bay Rays,Chicago White Sox,"[5, 1]"
New York Yankees,Houston Astros,"[10, 3]"
Atlanta Braves,Boston Red Sox,"[4, 2]"
Minnesota Twins,Seattle Mariners,"[6, 10]"
Kansas City Royals,Milwaukee Brewers,"[5, 6]"
Chicago Cubs,San Diego Padres,"[3, 2]"
St.Louis Cardinals,New York Mets,"[5, 7]"
Colorado Rockies,San Francisco Giants,"[0, 5]"
Los Angeles Dodgers,Miami Marlins,"[8, 2]"
Pittsburgh Pirates,Los Angeles Angels,"[4, 5]"
Philadelphia Phillies,Toronto Blue Jays,"[3, 5]"
Cleveland Guardians,Detroit Tigers,"[5, 4]"
Kansas City Royals,Milwaukee Brewers,"[6, 4]"
Chicago Cubs,San Diego Padres,"[0, 3]"
Los Angeles Dodgers,Miami Marlins,"[3, 1]"
Oakland Athletics,Texas Rangers,"[9, 4]"
Oakland Athletics,Texas Rangers,"[11, 12]"
Cincinnati Reds,Arizona Diamondbacks,"[3, 4]"
Washington Nationals,Baltimore Orioles,"[6, 7]"
Tampa Bay Rays,Chicago White Sox,"[1, 4]"
New York Yankees,Houston Astros,"[9, 4]"
Atlanta Braves,Boston Red Sox,"[5, 0]"
Minnesota Twins,Seattle Mariners,"[6, 3]"
Colorado Rockies,San Francisco Giants,"[6, 8]"
Cincinnati Reds,Arizona Diamondbacks,"[4, 5]"
Minnesota Twins,Seattle Mariners,"[11, 1]"
Colorado Rockies,San Francisco Giants,"[9, 1]"
New York Yankees,Houston Astros,"[3, 4]"
Chicago White Sox,Cleveland Guardians,"[3, 2]"
Milwaukee Brewers,St.Louis Cardinals,"[7, 1]"
Los Angeles Angels,Kansas City Royals,"[4, 10]"
Detroit Tigers,Houston Astros,"[2, 5]"
Pittsburgh Pirates,Chicago Cubs,"[2, 7]"
Tampa Bay Rays,New York Yankees,"[0, 2]"
Baltimore Orioles,Arizona Diamondbacks,"[4, 2]"
Toronto Blue Jays,Minnesota Twins,"[2, 3]"
Boston Red Sox,Washington Nationals,"[1, 5]"
Miami Marlins,Philadelphia Phillies,"[2, 8]"
New York Mets,Atlanta Braves,"[2, 4]"
Chicago White Sox,Cleveland Guardians,"[6, 3]"
Milwaukee Brewers,St.Louis Cardinals,"[11, 2]"
Colorado Rockies,Texas Rangers,"[4, 2]"
Los Angeles Angels,Kansas City Royals,"[1, 2]"
San Diego Padres,Los Angeles Dodgers,"[2, 1]"
Seattle Mariners,Oakland Athletics,"[8, 1]"
San Francisco Giants,Cincinnati Reds,"[2, 4]"
Toronto Blue Jays,Minnesota Twins,"[10, 8]"
Baltimore Orioles,Arizona Diamondbacks,"[5, 4]"
Pittsburgh Pirates,Chicago Cubs,"[10, 9]"
Tampa Bay Rays,New York Yankees,"[7, 2]"
New York Mets,Atlanta Braves,"[1, 4]"
Miami Marlins,Philadelphia Phillies,"[3, 8]"
Boston Red Sox,Washington Nationals,"[4, 2]"
Detroit Tigers,Houston Astros,"[8, 2]"
Chicago White Sox,Cleveland Guardians,"[3, 1]"
Milwaukee Brewers,St.Louis Cardinals,"[5, 3]"
San Francisco Giants,Cincinnati Reds,"[5, 1]"
Colorado Rockies,Texas Rangers,"[8, 3]"
San Diego Padres,Los Angeles Dodgers,"[0, 5]"
Los Angeles Angels,Kansas City Royals,"[9, 3]"
Seattle Mariners,Oakland Athletics,"[1, 8]"
Baltimore Orioles,Arizona Diamondbacks,"[2, 9]"
Boston Red Sox,Washington Nationals,"[3, 2]"
Pittsburgh Pirates,Chicago Cubs,"[4, 5]"
Toronto Blue Jays,Minnesota Twins,"[1, 5]"
Detroit Tigers,Houston Astros,"[3, 9]"
Miami Marlins,Philadelphia Phillies,"[7, 6]"
Tampa Bay Rays,New York Yankees,"[6, 10]"
Milwaukee Brewers,St.Louis Cardinals,"[3, 4]"
Chicago White Sox,Cleveland Guardians,"[0, 7]"
Colorado Rockies,Texas Rangers,"[3, 1]"
San Francisco Giants,Cincinnati Reds,"[6, 5]"
Los Angeles Angels,Kansas City Royals,"[2, 4]"
San Diego Padres,Los Angeles Dodgers,"[4, 0]"
Seattle Mariners,Oakland Athletics,"[8, 4]"
New York Mets,Atlanta Braves,"[4, 3]"
Baltimore Orioles,Toronto Blue Jays,"[2, 3]"
Detroit Tigers,Miami Marlins,"[6, 5]"
Boston Red Sox,Tampa Bay Rays,"[3, 5]"
New York Mets,Philadelphia Phillies,"[4, 5]"
Atlanta Braves,Chicago Cubs,"[2, 0]"
Milwaukee Brewers,Pittsburgh Pirates,"[6, 8]"
Texas Rangers,Cleveland Guardians,"[0, 7]"
Houston Astros,Oakland Athletics,"[9, 2]"
Los Angeles Angels,St.Louis Cardinals,"[5, 10]"
Arizona Diamondbacks,Cincinnati Reds,"[6, 5]"
San Diego Padres,Colorado Rockies,"[4, 5]"
Seattle Mariners,Kansas City Royals,"[6, 2]"
San Francisco Giants,Los Angeles Dodgers,"[4, 6]"
New York Mets,Philadelphia Phillies,"[0, 4]"
Chicago White Sox,Washington Nationals,"[3, 6]"
Detroit Tigers,Miami Marlins,"[0, 1]"
Boston Red Sox,Tampa Bay Rays,"[5, 4]"
Atlanta Braves,Chicago Cubs,"[7, 0]"
Chicago White Sox,Washington Nationals,"[4, 0]"
Milwaukee Brewers,Pittsburgh Pirates,"[4, 3]"
Minnesota Twins,New York Yankees,"[1, 5]"
Texas Rangers,Cleveland Guardians,"[4, 7]"
Houston Astros,Oakland Athletics,"[2, 1]"
Los Angeles Angels,St.Louis Cardinals,"[6, 7]"
Arizona Diamondbacks,Cincinnati Reds,"[2, 6]"
San Diego Padres,Colorado Rockies,"[3, 6]"
Seattle Mariners,Kansas City Royals,"[2, 4]"
San Francisco Giants,Los Angeles Dodgers,"[2, 10]"
Baltimore Orioles,Toronto Blue Jays,"[3, 2]"
Detroit Tigers,Miami Marlins,"[0, 2]"
Milwaukee Brewers,Pittsburgh Pirates,"[10, 2]"
Chicago White Sox,Washington Nationals,"[2, 0]"
Arizona Diamondbacks,Cincinnati Reds,"[2, 1]"
San Diego Padres,Colorado Rockies,"[0, 8]"
Seattle Mariners,Kansas City Royals,"[4, 2]"
Philadelphia Phillies,New York Mets,"[10, 5]"
Boston Red Sox,Tampa Bay Rays,"[3, 4]"
Atlanta Braves,Chicago Cubs,"[1, 7]"
Minnesota Twins,New York Yankees,"[0, 4]"
Texas Rangers,Cleveland Guardians,"[4, 0]"
Houston Astros,Oakland Athletics,"[3, 0]"
Los Angeles Angels,St.Louis Cardinals,"[7, 2]"
San Francisco Giants,Los Angeles Dodgers,"[4, 1]"
Minnesota Twins,New York Yankees,"[0, 5]"
Philadelphia Phillies,New York Mets,"[5, 6]"
Boston Red Sox,Tampa Bay Rays,"[5, 7]"
Chicago Cubs,Pittsburgh Pirates,"[4, 5]"
Houston Astros,Oakland Athletics,"[8, 1]"
Los Angeles Dodgers,Cincinnati Reds,"[2, 7]"
Chicago Cubs,Pittsburgh Pirates,"[3, 9]"
Philadelphia Phillies,Washington Nationals,"[4, 2]"
Baltimore Orioles,Seattle Mariners,"[9, 2]"
New York Yankees,Chicago White Sox,"[4, 2]"
Toronto Blue Jays,Tampa Bay Rays,"[3, 4]"
Cleveland Guardians,Minnesota Twins,"[3, 2]"
Miami Marlins,New York Mets,"[8, 0]"
Atlanta Braves,San Diego Padres,"[1, 3]"
Kansas City Royals,Oakland Athletics,"[6, 2]"
Texas Rangers,Los Angeles Angels,"[3, 9]"
Houston Astros,Milwaukee Brewers,"[5, 4]"
St.Louis Cardinals,Boston Red Sox,"[10, 6]"
Arizona Diamondbacks,Detroit Tigers,"[0, 13]"
Los Angeles Dodgers,Cincinnati Reds,"[7, 3]"
San Francisco Giants,Colorado Rockies,"[10, 5]"
New York Yankees,Chicago White Sox,"[6, 1]"
Chicago Cubs,Pittsburgh Pirates,"[1, 0]"
Toronto Blue Jays,Tampa Bay Rays,"[4, 5]"
Baltimore Orioles,Seattle Mariners,"[3, 4]"
San Francisco Giants,Colorado Rockies,"[14, 4]"
Miami Marlins,New York Mets,"[10, 9]"
Philadelphia Phillies,Washington Nationals,"[4, 3]"
Cleveland Guardians,Minnesota Twins,"[11, 4]"
Houston Astros,Milwaukee Brewers,"[2, 4]"
Kansas City Royals,Oakland Athletics,"[5, 3]"
Texas Rangers,Los Angeles Angels,"[3, 2]"
St.Louis Cardinals,Boston Red Sox,"[7, 2]"
Arizona Diamondbacks,Detroit Tigers,"[3, 8]"
Los Angeles Dodgers,Cincinnati Reds,"[4, 0]"
St.Louis Cardinals,Boston Red Sox,"[3, 11]"
New York Yankees,Chicago White Sox,"[7, 2]"
Philadelphia Phillies,Washington Nationals,"[11, 5]"
Baltimore Orioles,Seattle Mariners,"[6, 3]"
Toronto Blue Jays,Tampa Bay Rays,"[5, 2]"
Miami Marlins,New York Mets,"[3, 7]"
Cleveland Guardians,Minnesota Twins,"[5, 2]"
Kansas City Royals,Oakland Athletics,"[8, 4]"
Houston Astros,Milwaukee Brewers,"[9, 4]"
Chicago Cubs,Pittsburgh Pirates,"[2, 3]"
Texas Rangers,Los Angeles Angels,"[1, 4]"
San Francisco Giants,Colorado Rockies,"[4, 1]"
Arizona Diamondbacks,Detroit Tigers,"[6, 4]"
Los Angeles Dodgers,Cincinnati Reds,"[3, 2]"
Atlanta Braves,San Diego Padres,"[1, 9]"
Atlanta Braves,San Diego Padres,"[5, 6]"
Toronto Blue Jays,Chicago White Sox,"[9, 3]"
Cleveland Guardians,New York Mets,"[3, 1]"
Atlanta Braves,San Diego Padres,"[3, 0]"
Miami Marlins,Milwaukee Brewers,"[3, 2]"
Washington Nationals,Minnesota Twins,"[12, 3]"
Tampa Bay Rays,Boston Red Sox,"[0, 5]"
New York Yankees,Seattle Mariners,"[4, 5]"
Kansas City Royals,Detroit Tigers,"[8, 3]"
St.Louis Cardinals,Baltimore Orioles,"[6, 3]"
Houston Astros,Los Angeles Angels,"[7, 9]"
Los Angeles Dodgers,Arizona Diamondbacks,"[6, 4]"
Cleveland Guardians,New York Mets,"[7, 6]"
Cincinnati Reds,San Diego Padres,"[2, 0]"
Miami Marlins,Milwaukee Brewers,"[5, 7]"
Philadelphia Phillies,Texas Rangers,"[5, 2]"
Pittsburgh Pirates,San Francisco Giants,"[7, 6]"
Washington Nationals,Minnesota Twins,"[0, 10]"
Tampa Bay Rays,Boston Red Sox,"[2, 5]"
New York Yankees,Seattle Mariners,"[3, 6]"
Toronto Blue Jays,Chicago White Sox,"[0, 5]"
Chicago Cubs,Atlanta Braves,"[4, 3]"
Kansas City Royals,Detroit Tigers,"[10, 3]"
Houston Astros,Los Angeles Angels,"[6, 5]"
Oakland Athletics,Colorado Rockies,"[5, 4]"
Los Angeles Dodgers,Arizona Diamondbacks,"[3, 7]"
St.Louis Cardinals,Baltimore Orioles,"[3, 1]"
Washington Nationals,Minnesota Twins,"[2, 3]"
Cleveland Guardians,New York Mets,"[6, 3]"
St.Louis Cardinals,Baltimore Orioles,"[5, 4]"
Kansas City Royals,Detroit Tigers,"[8, 3]"
Houston Astros,Los Angeles Angels,"[1, 2]"
Cincinnati Reds,San Diego Padres,"[3, 7]"
Miami Marlins,Milwaukee Brewers,"[1, 0]"
Philadelphia Phillies,Texas Rangers,"[11, 4]"
Pittsburgh Pirates,San Francisco Giants,"[5, 9]"
Tampa Bay Rays,Boston Red Sox,"[5, 8]"
New York Yankees,Seattle Mariners,"[7, 3]"
Toronto Blue Jays,Chicago White Sox,"[9, 2]"
Chicago Cubs,Atlanta Braves,"[2, 9]"
Oakland Athletics,Colorado Rockies,"[3, 4]"
Los Angeles Dodgers,Arizona Diamondbacks,"[0, 6]"
New York Yankees,Seattle Mariners,"[5, 0]"
Pittsburgh Pirates,San Francisco Giants,"[6, 7]"
Philadelphia Phillies,Texas Rangers,"[5, 2]"
Cincinnati Reds,San Diego Padres,"[4, 6]"
Chicago Cubs,Atlanta Braves,"[0, 3]"
Oakland Athletics,Colorado Rockies,"[10, 9]"
Detroit Tigers,Toronto Blue Jays,"[1, 9]"
Chicago White Sox,Baltimore Orioles,"[6, 8]"
Detroit Tigers,Toronto Blue Jays,"[6, 2]"
Pittsburgh Pirates,Atlanta Braves,"[11, 5]"
Washington Nationals,Seattle Mariners,"[6, 1]"
Tampa Bay Rays,Kansas City Royals,"[1, 8]"
Boston Red Sox,Milwaukee Brewers,"[2, 7]"
Cincinnati Reds,Los Angeles Dodgers,"[9, 6]"
New York Mets,San Francisco Giants,"[7, 8]"
Minnesota Twins,Texas Rangers,"[3, 2]"
Chicago White Sox,Baltimore Orioles,"[4, 6]"
Colorado Rockies,Philadelphia Phillies,"[3, 2]"
Los Angeles Angels,Cleveland Guardians,"[4, 10]"
Arizona Diamondbacks,Miami Marlins,"[0, 3]"
Oakland Athletics,Houston Astros,"[3, 6]"
San Diego Padres,New York Yankees,"[0, 8]"
Detroit Tigers,Toronto Blue Jays,"[2, 1]"
New York Mets,San Francisco Giants,"[2, 7]"
Minnesota Twins,Texas Rangers,"[5, 3]"
Chicago White Sox,Baltimore Orioles,"[3, 5]"
Pittsburgh Pirates,Atlanta Braves,"[4, 1]"
Washington Nationals,Seattle Mariners,"[3, 1]"
Oakland Athletics,Houston Astros,"[3, 1]"
Boston Red Sox,Milwaukee Brewers,"[3, 6]"
Tampa Bay Rays,Kansas City Royals,"[4, 7]"
Cincinnati Reds,Los Angeles Dodgers,"[3, 1]"
St.Louis Cardinals,Chicago Cubs,"[7, 6]"
Colorado Rockies,Philadelphia Phillies,"[4, 8]"
Los Angeles Angels,Cleveland Guardians,"[3, 4]"
San Diego Padres,New York Yankees,"[1, 4]"
Arizona Diamondbacks,Miami Marlins,"[3, 2]"
Detroit Tigers,Toronto Blue Jays,"[14, 11]"
Cincinnati Reds,Los Angeles Dodgers,"[4, 1]"
Boston Red Sox,Milwaukee Brewers,"[2, 1]"
Pittsburgh Pirates,Atlanta Braves,"[1, 8]"
Washington Nationals,Seattle Mariners,"[5, 9]"
New York Mets,San Francisco Giants,"[4, 3]"
Tampa Bay Rays,Kansas City Royals,"[4, 1]"
Chicago White Sox,Baltimore Orioles,"[1, 4]"
Minnesota Twins,Texas Rangers,"[2, 6]"
Colorado Rockies,Philadelphia Phillies,"[5, 2]"
Los Angeles Angels,Cleveland Guardians,"[4, 5]"
Oakland Athletics,Houston Astros,"[2, 5]"
Arizona Diamondbacks,Miami Marlins,"[1, 3]"
San Diego Padres,New York Yankees,"[5, 2]"
St.Louis Cardinals,Chicago Cubs,"[4, 3]"
Baltimore Orioles,Boston Red Sox,"[11, 3]"
Minnesota Twins,Kansas City Royals,"[6, 5]"
Chicago White Sox,Toronto Blue Jays,"[1, 5]"
Atlanta Braves,Washington Nationals,"[4, 8]"
Cincinnati Reds,St.Louis Cardinals,"[3, 1]"
Colorado Rockies,Cleveland Guardians,"[8, 6]"
Milwaukee Brewers,Chicago Cubs,"[5, 1]"
San Francisco Giants,Philadelphia Phillies,"[8, 4]"
San Diego Padres,Miami Marlins,"[2, 1]"
Seattle Mariners,Houston Astros,"[3, 2]"
New York Mets,Los Angeles Dodgers,"[2, 5]"
Baltimore Orioles,Boston Red Sox,"[3, 8]"
Cincinnati Reds,St.Louis Cardinals,"[1, 7]"
Tampa Bay Rays,Oakland Athletics,"[0, 3]"
New York Mets,Los Angeles Dodgers,"[0, 3]"
Atlanta Braves,Washington Nationals,"[2, 0]"
Chicago White Sox,Toronto Blue Jays,"[2, 7]"
Milwaukee Brewers,Chicago Cubs,"[3, 6]"
Minnesota Twins,Kansas City Royals,"[4, 2]"
Texas Rangers,Arizona Diamondbacks,"[4, 2]"
Colorado Rockies,Cleveland Guardians,"[7, 13]"
Los Angeles Angels,New York Yankees,"[4, 3]"
San Diego Padres,Miami Marlins,"[4, 0]"
Seattle Mariners,Houston Astros,"[4, 2]"
San Francisco Giants,Philadelphia Phillies,"[1, 0]"
Detroit Tigers,Pittsburgh Pirates,"[8, 0]"
Cincinnati Reds,St.Louis Cardinals,"[3, 5]"
Texas Rangers,Arizona Diamondbacks,"[6, 1]"
Detroit Tigers,Pittsburgh Pirates,"[2, 10]"
San Francisco Giants,Philadelphia Phillies,"[1, 6]"
New York Mets,Los Angeles Dodgers,"[3, 10]"
San Diego Padres,Miami Marlins,"[1, 9]"
Baltimore Orioles,Boston Red Sox,"[6, 1]"
Tampa Bay Rays,Oakland Athletics,"[4, 3]"
Atlanta Braves,Washington Nationals,"[2, 7]"
Chicago White Sox,Toronto Blue Jays,"[1, 3]"
Milwaukee Brewers,Chicago Cubs,"[10, 6]"
Minnesota Twins,Kansas City Royals,"[1, 6]"
Colorado Rockies,Cleveland Guardians,"[7, 4]"
Los Angeles Angels,New York Yankees,"[1, 2]"
Seattle Mariners,Houston Astros,"[2, 1]"
Tampa Bay Rays,Oakland Athletics,"[6, 5]"
Minnesota Twins,Kansas City Royals,"[7, 6]"
Milwaukee Brewers,Chicago Cubs,"[6, 4]"
Seattle Mariners,Houston Astros,"[0, 4]"
Boston Red Sox,Detroit Tigers,"[0, 5]"
New York Mets,Arizona Diamondbacks,"[3, 2]"
Atlanta Braves,Washington Nationals,"[1, 3]"
Los Angeles Angels,New York Yankees,"[3, 8]"
Chicago Cubs,Cincinnati Reds,"[4, 5]"
Philadelphia Phillies,St.Louis Cardinals,"[4, 2]"
Baltimore Orioles,Tampa Bay Rays,"[3, 1]"
Toronto Blue Jays,Pittsburgh Pirates,"[5, 3]"
Cleveland Guardians,Washington Nationals,"[7, 1]"
Boston Red Sox,Detroit Tigers,"[7, 3]"
Miami Marlins,Texas Rangers,"[8, 2]"
New York Mets,Arizona Diamondbacks,"[10, 9]"
Atlanta Braves,Oakland Athletics,"[4, 2]"
Houston Astros,Minnesota Twins,"[1, 6]"
Kansas City Royals,San Diego Padres,"[8, 11]"
Milwaukee Brewers,Chicago White Sox,"[12, 5]"
Los Angeles Dodgers,Colorado Rockies,"[1, 4]"
Seattle Mariners,Los Angeles Angels,"[5, 4]"
San Francisco Giants,New York Yankees,"[2, 6]"
Toronto Blue Jays,Pittsburgh Pirates,"[1, 8]"
Baltimore Orioles,Tampa Bay Rays,"[9, 5]"
Cleveland Guardians,Washington Nationals,"[3, 2]"
Houston Astros,Minnesota Twins,"[5, 2]"
New York Mets,Arizona Diamondbacks,"[5, 10]"
Milwaukee Brewers,Chicago White Sox,"[4, 3]"
Miami Marlins,Texas Rangers,"[0, 7]"
Kansas City Royals,San Diego Padres,"[3, 7]"
Boston Red Sox,Detroit Tigers,"[6, 3]"
Atlanta Braves,Oakland Athletics,"[9, 11]"
Chicago Cubs,Cincinnati Reds,"[7, 5]"
Philadelphia Phillies,St.Louis Cardinals,"[6, 1]"
Seattle Mariners,Los Angeles Angels,"[9, 0]"
San Francisco Giants,New York Yankees,"[3, 7]"
Los Angeles Dodgers,Colorado Rockies,"[4, 1]"
Houston Astros,Minnesota Twins,"[3, 4]"
Boston Red Sox,Detroit Tigers,"[4, 8]"
Baltimore Orioles,Tampa Bay Rays,"[3, 4]"
Atlanta Braves,Oakland Athletics,"[3, 1]"
Toronto Blue Jays,Pittsburgh Pirates,"[5, 4]"
Miami Marlins,Texas Rangers,"[0, 6]"
New York Mets,Arizona Diamondbacks,"[4, 5]"
Cleveland Guardians,Washington Nationals,"[2, 5]"
Kansas City Royals,San Diego Padres,"[4, 3]"
Milwaukee Brewers,Chicago White Sox,"[6, 3]"
Chicago Cubs,Cincinnati Reds,"[2, 5]"
San Francisco Giants,New York Yankees,"[5, 7]"
Los Angeles Dodgers,Colorado Rockies,"[4, 0]"
Seattle Mariners,Los Angeles Angels,"[5, 1]"
Philadelphia Phillies,St.Louis Cardinals,"[4, 5]"
Philadelphia Phillies,Milwaukee Brewers,"[3, 1]"
Washington Nationals,New York Mets,"[7, 8]"
Toronto Blue Jays,Baltimore Orioles,"[2, 7]"
Texas Rangers,Detroit Tigers,"[1, 2]"
Houston Astros,St.Louis Cardinals,"[7, 4]"
Colorado Rockies,Cincinnati Reds,"[3, 13]"
Los Angeles Angels,San Diego Padres,"[2, 1]"
Arizona Diamondbacks,San Francisco Giants,"[4, 2]"
Cleveland Guardians,Kansas City Royals,"[8, 5]"
Miami Marlins,Tampa Bay Rays,"[5, 9]"
Philadelphia Phillies,Milwaukee Brewers,"[2, 1]"
Pittsburgh Pirates,Los Angeles Dodgers,"[1, 0]"
Washington Nationals,New York Mets,"[3, 6]"
New York Yankees,Minnesota Twins,"[5, 1]"
Toronto Blue Jays,Baltimore Orioles,"[1, 10]"
Boston Red Sox,Atlanta Braves,"[3, 8]"
Chicago Cubs,Chicago White Sox,"[7, 6]"
Texas Rangers,Detroit Tigers,"[1, 3]"
Houston Astros,St.Louis Cardinals,"[8, 5]"
Colorado Rockies,Cincinnati Reds,"[1, 4]"
Los Angeles Angels,San Diego Padres,"[4, 2]"
Arizona Diamondbacks,San Francisco Giants,"[8, 5]"
Oakland Athletics,Seattle Mariners,"[3, 4]"
Boston Red Sox,Atlanta Braves,"[9, 0]"
Houston Astros,St.Louis Cardinals,"[2, 4]"
Colorado Rockies,Cincinnati Reds,"[7, 12]"
Arizona Diamondbacks,San Francisco Giants,"[3, 9]"
Philadelphia Phillies,Milwaukee Brewers,"[2, 0]"
Washington Nationals,New York Mets,"[1, 9]"
Miami Marlins,Tampa Bay Rays,"[3, 5]"
Pittsburgh Pirates,Los Angeles Dodgers,"[10, 6]"
New York Yankees,Minnesota Twins,"[9, 5]"
Toronto Blue Jays,Baltimore Orioles,"[3, 2]"
Chicago Cubs,Chicago White Sox,"[7, 6]"
Texas Rangers,Detroit Tigers,"[9, 1]"
Los Angeles Angels,San Diego Padres,"[3, 2]"
Oakland Athletics,Seattle Mariners,"[2, 1]"
Toronto Blue Jays,Baltimore Orioles,"[6, 5]"
Cleveland Guardians,Kansas City Royals,"[3, 4]"
Oakland Athletics,Seattle Mariners,"[0, 3]"
Pittsburgh Pirates,Los Angeles Dodgers,"[7, 11]"
Washington Nationals,Atlanta Braves,"[2, 5]"
New York Yankees,Minnesota Twins,"[8, 5]"
Cincinnati Reds,Chicago Cubs,"[8, 4]"
St.Louis Cardinals,Colorado Rockies,"[2, 3]"
Chicago White Sox,Boston Red Sox,"[2, 14]"
San Diego Padres,Arizona Diamondbacks,"[3, 4]"
Detroit Tigers,Milwaukee Brewers,"[0, 10]"
Pittsburgh Pirates,Minnesota Twins,"[3, 0]"
Washington Nationals,Atlanta Braves,"[2, 1]"
Tampa Bay Rays,Baltimore Orioles,"[3, 6]"
New York Yankees,Los Angeles Dodgers,"[1, 2]"
Cincinnati Reds,Chicago Cubs,"[3, 2]"
Miami Marlins,Cleveland Guardians,"[3, 2]"
Texas Rangers,San Francisco Giants,"[2, 5]"
Chicago White Sox,Boston Red Sox,"[7, 2]"
Kansas City Royals,Seattle Mariners,"[10, 9]"
St.Louis Cardinals,Colorado Rockies,"[8, 5]"
Los Angeles Angels,Houston Astros,"[1, 7]"
Oakland Athletics,Toronto Blue Jays,"[2, 1]"
San Diego Padres,Arizona Diamondbacks,"[10, 3]"
New York Mets,Philadelphia Phillies,"[2, 7]"
Pittsburgh Pirates,Minnesota Twins,"[4, 0]"
Texas Rangers,San Francisco Giants,"[1, 3]"
Washington Nationals,Atlanta Braves,"[7, 3]"
Oakland Athletics,Toronto Blue Jays,"[0, 7]"
Chicago White Sox,Boston Red Sox,"[6, 1]"
Cincinnati Reds,Chicago Cubs,"[4, 3]"
Detroit Tigers,Milwaukee Brewers,"[4, 5]"
Kansas City Royals,Seattle Mariners,"[8, 4]"
Tampa Bay Rays,Baltimore Orioles,"[0, 5]"
St.Louis Cardinals,Colorado Rockies,"[5, 6]"
Miami Marlins,Cleveland Guardians,"[0, 8]"
New York Yankees,Los Angeles Dodgers,"[3, 11]"
San Diego Padres,Arizona Diamondbacks,"[13, 1]"
Los Angeles Angels,Houston Astros,"[1, 6]"
Philadelphia Phillies,New York Mets,"[5, 6]"
Texas Rangers,San Francisco Giants,"[7, 2]"
Pittsburgh Pirates,Minnesota Twins,"[5, 11]"
Washington Nationals,Atlanta Braves,"[8, 5]"
Cincinnati Reds,Chicago Cubs,"[2, 4]"
Detroit Tigers,Milwaukee Brewers,"[10, 2]"
Miami Marlins,Cleveland Guardians,"[3, 6]"
Tampa Bay Rays,Baltimore Orioles,"[2, 9]"
Kansas City Royals,Seattle Mariners,"[5, 6]"
Chicago White Sox,Boston Red Sox,"[4, 6]"
St.Louis Cardinals,Colorado Rockies,"[5, 1]"
Los Angeles Angels,Houston Astros,"[9, 7]"
Oakland Athletics,Toronto Blue Jays,"[4, 6]"
San Diego Padres,Arizona Diamondbacks,"[3, 9]"
New York Yankees,Los Angeles Dodgers,"[6, 4]"
Tampa Bay Rays,Baltimore Orioles,"[2, 5]"
Minnesota Twins,Colorado Rockies,"[5, 0]"
Kansas City Royals,New York Yankees,"[2, 4]"
Milwaukee Brewers,Toronto Blue Jays,"[3, 1]"
San Diego Padres,Oakland Athletics,"[6, 1]"
Seattle Mariners,Chicago White Sox,"[8, 4]"
San Francisco Giants,Houston Astros,"[4, 3]"
Baltimore Orioles,Atlanta Braves,"[4, 0]"
Detroit Tigers,Washington Nationals,"[4, 5]"
Tampa Bay Rays,Chicago Cubs,"[5, 2]"
New York Mets,Miami Marlins,"[2, 4]"
Cincinnati Reds,Cleveland Guardians,"[3, 5]"
Boston Red Sox,Philadelphia Phillies,"[1, 4]"
Minnesota Twins,Colorado Rockies,"[4, 5]"
St.Louis Cardinals,Pittsburgh Pirates,"[1, 2]"
Kansas City Royals,New York Yankees,"[1, 10]"
Milwaukee Brewers,Toronto Blue Jays,"[0, 3]"
Arizona Diamondbacks,Los Angeles Angels,"[9, 4]"
San Diego Padres,Oakland Athletics,"[4, 3]"
Seattle Mariners,Chicago White Sox,"[4, 3]"
San Francisco Giants,Houston Astros,"[1, 3]"
Los Angeles Dodgers,Texas Rangers,"[15, 2]"
Minnesota Twins,Colorado Rockies,"[17, 9]"
Milwaukee Brewers,Toronto Blue Jays,"[5, 4]"
San Francisco Giants,Houston Astros,"[5, 3]"
San Diego Padres,Oakland Athletics,"[5, 4]"
Baltimore Orioles,Atlanta Braves,"[4, 2]"
Detroit Tigers,Washington Nationals,"[5, 7]"
Tampa Bay Rays,Chicago Cubs,"[3, 4]"
Boston Red Sox,Philadelphia Phillies,"[8, 6]"
Cincinnati Reds,Cleveland Guardians,"[4, 2]"
New York Mets,Miami Marlins,"[10, 4]"
St.Louis Cardinals,Pittsburgh Pirates,"[4, 2]"
Kansas City Royals,New York Yankees,"[5, 11]"
Arizona Diamondbacks,Los Angeles Angels,"[3, 8]"
Seattle Mariners,Chicago White Sox,"[2, 1]"
Los Angeles Dodgers,Texas Rangers,"[2, 3]"
Baltimore Orioles,Atlanta Braves,"[3, 6]"
Detroit Tigers,Washington Nationals,"[7, 2]"
Kansas City Royals,New York Yankees,"[4, 3]"
St.Louis Cardinals,Pittsburgh Pirates,"[4, 3]"
Tampa Bay Rays,Chicago Cubs,"[3, 2]"
Boston Red Sox,Philadelphia Phillies,"[9, 3]"
New York Mets,Miami Marlins,"[3, 2]"
Minnesota Twins,Oakland Athletics,"[6, 2]"
Arizona Diamondbacks,Los Angeles Angels,"[11, 1]"
Seattle Mariners,Chicago White Sox,"[2, 3]"
Los Angeles Dodgers,Texas Rangers,"[1, 3]"
Chicago Cubs,St.Louis Cardinals,"[0, 3]"
Boston Red Sox,New York Yankees,"[1, 8]"
Washington Nationals,Miami Marlins,"[8, 1]"
Baltimore Orioles,Philadelphia Phillies,"[3, 5]"
Toronto Blue Jays,Cleveland Guardians,"[1, 3]"
New York Mets,San Diego Padres,"[2, 1]"
Atlanta Braves,Tampa Bay Rays,"[7, 3]"
Houston Astros,Detroit Tigers,"[4, 0]"
Milwaukee Brewers,Cincinnati Reds,"[5, 6]"
Minnesota Twins,Oakland Athletics,"[6, 5]"
Colorado Rockies,Pittsburgh Pirates,"[2, 5]"
Arizona Diamondbacks,Chicago White Sox,"[7, 1]"
Los Angeles Dodgers,Kansas City Royals,"[4, 3]"
Seattle Mariners,Texas Rangers,"[3, 2]"
San Francisco Giants,Los Angeles Angels,"[6, 8]"
Chicago Cubs,St.Louis Cardinals,"[5, 1]"
Toronto Blue Jays,Cleveland Guardians,"[5, 0]"
Baltimore Orioles,Philadelphia Phillies,"[6, 2]"
San Francisco Giants,Los Angeles Angels,"[3, 4]"
Washington Nationals,Miami Marlins,"[4, 0]"
Houston Astros,Detroit Tigers,"[5, 13]"
New York Mets,San Diego Padres,"[5, 1]"
Milwaukee Brewers,Cincinnati Reds,"[3, 1]"
Atlanta Braves,Tampa Bay Rays,"[9, 2]"
Boston Red Sox,New York Yankees,"[8, 4]"
Seattle Mariners,Texas Rangers,"[7, 5]"
Colorado Rockies,Pittsburgh Pirates,"[16, 4]"
Los Angeles Dodgers,Kansas City Royals,"[2, 7]"
Arizona Diamondbacks,Chicago White Sox,"[2, 9]"
Chicago Cubs,St.Louis Cardinals,"[1, 2]"
Atlanta Braves,Tampa Bay Rays,"[6, 8]"
Baltimore Orioles,Philadelphia Phillies,"[8, 3]"
Washington Nationals,Miami Marlins,"[3, 1]"
Toronto Blue Jays,Cleveland Guardians,"[7, 6]"
New York Mets,San Diego Padres,"[11, 6]"
Milwaukee Brewers,Cincinnati Reds,"[5, 4]"
Minnesota Twins,Oakland Athletics,"[6, 2]"
Houston Astros,Detroit Tigers,"[4, 1]"
Colorado Rockies,Pittsburgh Pirates,"[2, 8]"
San Francisco Giants,Los Angeles Angels,"[13, 6]"
Arizona Diamondbacks,Chicago White Sox,"[12, 5]"
Seattle Mariners,Texas Rangers,"[5, 0]"
Los Angeles Dodgers,Kansas City Royals,"[3, 0]"
Boston Red Sox,New York Yankees,"[9, 3]"
Minnesota Twins,Oakland Athletics,"[8, 7]"
Miami Marlins,St.Louis Cardinals,"[6, 7]"
Philadelphia Phillies,San Diego Padres,"[9, 2]"
Pittsburgh Pirates,Cincinnati Reds,"[4, 1]"
Toronto Blue Jays,Boston Red Sox,"[3, 7]"
Atlanta Braves,Detroit Tigers,"[2, 1]"
Chicago Cubs,San Francisco Giants,"[6, 7]"
Texas Rangers,New York Mets,"[2, 14]"
Colorado Rockies,Los Angeles Dodgers,"[5, 9]"
Los Angeles Angels,Milwaukee Brewers,"[5, 3]"
Miami Marlins,St.Louis Cardinals,"[9, 8]"
Cleveland Guardians,Seattle Mariners,"[5, 8]"
Philadelphia Phillies,San Diego Padres,"[4, 3]"
Pittsburgh Pirates,Cincinnati Reds,"[1, 2]"
Washington Nationals,Arizona Diamondbacks,"[0, 5]"
New York Yankees,Baltimore Orioles,"[4, 2]"
Toronto Blue Jays,Boston Red Sox,"[3, 4]"
Atlanta Braves,Detroit Tigers,"[2, 1]"
Minnesota Twins,Tampa Bay Rays,"[7, 6]"
Chicago Cubs,San Francisco Giants,"[5, 2]"
Texas Rangers,New York Mets,"[6, 7]"
Chicago White Sox,Houston Astros,"[2, 0]"
Colorado Rockies,Los Angeles Dodgers,"[9, 11]"
Los Angeles Angels,Milwaukee Brewers,"[3, 6]"
Oakland Athletics,Kansas City Royals,"[7, 5]"
Atlanta Braves,Detroit Tigers,"[7, 0]"
Pittsburgh Pirates,Cincinnati Reds,"[1, 0]"
Miami Marlins,St.Louis Cardinals,"[4, 3]"
Philadelphia Phillies,San Diego Padres,"[2, 5]"
Chicago Cubs,San Francisco Giants,"[6, 5]"
Washington Nationals,Arizona Diamondbacks,"[3, 1]"
Cleveland Guardians,Seattle Mariners,"[8, 0]"
New York Yankees,Baltimore Orioles,"[6, 7]"
Toronto Blue Jays,Boston Red Sox,"[3, 7]"
Minnesota Twins,Tampa Bay Rays,"[2, 3]"
Texas Rangers,New York Mets,"[5, 3]"
Chicago White Sox,Houston Astros,"[1, 4]"
Colorado Rockies,Los Angeles Dodgers,"[7, 6]"
Los Angeles Angels,Milwaukee Brewers,"[0, 2]"
Oakland Athletics,Kansas City Royals,"[5, 1]"
Washington Nationals,Arizona Diamondbacks,"[2, 5]"
Minnesota Twins,Tampa Bay Rays,"[6, 7]"
Cleveland Guardians,Seattle Mariners,"[6, 3]"
Chicago White Sox,Houston Astros,"[3, 5]"
Colorado Rockies,Los Angeles Dodgers,"[3, 5]"
Oakland Athletics,Kansas City Royals,"[2, 3]"
New York Yankees,Baltimore Orioles,"[5, 17]"
St.Louis Cardinals,San Francisco Giants,"[6, 5]"
San Diego Padres,Milwaukee Brewers,"[7, 6]"
Chicago Cubs,New York Mets,"[1, 11]"
Detroit Tigers,Chicago White Sox,"[2, 1]"
Philadelphia Phillies,Arizona Diamondbacks,"[4, 5]"
Pittsburgh Pirates,Tampa Bay Rays,"[3, 10]"
New York Yankees,Atlanta Braves,"[1, 8]"
Cleveland Guardians,Toronto Blue Jays,"[7, 1]"
Cincinnati Reds,Boston Red Sox,"[5, 2]"
Miami Marlins,Seattle Mariners,"[3, 2]"
Texas Rangers,Kansas City Royals,"[6, 2]"
Houston Astros,Baltimore Orioles,"[14, 11]"
Colorado Rockies,Washington Nationals,"[5, 11]"
Oakland Athletics,Minnesota Twins,"[6, 5]"
San Diego Padres,Milwaukee Brewers,"[9, 5]"
Los Angeles Dodgers,Los Angeles Angels,"[2, 3]"
Detroit Tigers,Chicago White Sox,"[1, 5]"
St.Louis Cardinals,San Francisco Giants,"[9, 4]"
Chicago Cubs,New York Mets,"[8, 1]"
Texas Rangers,Kansas City Royals,"[6, 0]"
Pittsburgh Pirates,Tampa Bay Rays,"[4, 3]"
Philadelphia Phillies,Arizona Diamondbacks,"[12, 1]"
Oakland Athletics,Minnesota Twins,"[2, 10]"
Cleveland Guardians,Toronto Blue Jays,"[6, 3]"
Houston Astros,Baltimore Orioles,"[5, 1]"
Cincinnati Reds,Boston Red Sox,"[3, 4]"
Miami Marlins,Seattle Mariners,"[0, 9]"
New York Yankees,Atlanta Braves,"[8, 3]"
San Diego Padres,Milwaukee Brewers,"[6, 4]"
Colorado Rockies,Washington Nationals,"[8, 7]"
Los Angeles Dodgers,Los Angeles Angels,"[7, 2]"
Philadelphia Phillies,Arizona Diamondbacks,"[4, 1]"
Pittsburgh Pirates,Tampa Bay Rays,"[1, 3]"
New York Yankees,Atlanta Braves,"[1, 3]"
Cincinnati Reds,Boston Red Sox,"[4, 7]"
Detroit Tigers,Chicago White Sox,"[11, 2]"
Miami Marlins,Seattle Mariners,"[6, 4]"
Cleveland Guardians,Toronto Blue Jays,"[6, 5]"
Houston Astros,Baltimore Orioles,"[8, 1]"
St.Louis Cardinals,San Francisco Giants,"[5, 3]"
Texas Rangers,Kansas City Royals,"[4, 0]"
Colorado Rockies,Washington Nationals,"[1, 2]"
Oakland Athletics,Minnesota Twins,"[0, 3]"
San Diego Padres,Milwaukee Brewers,"[2, 6]"
Chicago Cubs,New York Mets,"[2, 5]"
Baltimore Orioles,Cleveland Guardians,"[2, 3]"
Detroit Tigers,Philadelphia Phillies,"[1, 8]"
Tampa Bay Rays,Seattle Mariners,"[4, 3]"
Boston Red Sox,Toronto Blue Jays,"[7, 6]"
Cincinnati Reds,Pittsburgh Pirates,"[11, 5]"
St.Louis Cardinals,Atlanta Braves,"[4, 3]"
Milwaukee Brewers,Texas Rangers,"[6, 3]"
Chicago White Sox,Los Angeles Dodgers,"[0, 3]"
Kansas City Royals,Miami Marlins,"[4, 1]"
Los Angeles Angels,Oakland Athletics,"[5, 1]"
San Diego Padres,Washington Nationals,"[7, 6]"
San Francisco Giants,Chicago Cubs,"[5, 4]"
Baltimore Orioles,Cleveland Guardians,"[8, 10]"
Detroit Tigers,Philadelphia Phillies,"[4, 1]"
Tampa Bay Rays,Seattle Mariners,"[11, 3]"
New York Mets,New York Yankees,"[9, 7]"
Boston Red Sox,Toronto Blue Jays,"[4, 9]"
Cincinnati Reds,Pittsburgh Pirates,"[5, 9]"
Houston Astros,Colorado Rockies,"[5, 2]"
Chicago White Sox,Los Angeles Dodgers,"[3, 4]"
Kansas City Royals,Miami Marlins,"[1, 2]"
Milwaukee Brewers,Texas Rangers,"[3, 1]"
Los Angeles Angels,Oakland Athletics,"[7, 5]"
Arizona Diamondbacks,Minnesota Twins,"[5, 4]"
San Diego Padres,Washington Nationals,"[9, 7]"
San Francisco Giants,Chicago Cubs,"[5, 1]"
Tampa Bay Rays,Seattle Mariners,"[2, 5]"
Cincinnati Reds,Pittsburgh Pirates,"[1, 6]"
Detroit Tigers,Philadelphia Phillies,"[2, 6]"
St.Louis Cardinals,Atlanta Braves,"[2, 6]"
Kansas City Royals,Miami Marlins,"[5, 1]"
Milwaukee Brewers,Texas Rangers,"[6, 5]"
Houston Astros,Colorado Rockies,"[7, 1]"
Los Angeles Angels,Oakland Athletics,"[5, 2]"
San Diego Padres,Washington Nationals,"[8, 5]"
Baltimore Orioles,Cleveland Guardians,"[4, 2]"
New York Mets,New York Yankees,"[12, 2]"
St.Louis Cardinals,Atlanta Braves,"[4, 1]"
Chicago White Sox,Los Angeles Dodgers,"[0, 4]"
Arizona Diamondbacks,Minnesota Twins,"[3, 8]"
San Francisco Giants,Chicago Cubs,"[4, 3]"
Arizona Diamondbacks,Minnesota Twins,"[6, 13]"
San Francisco Giants,Chicago Cubs,"[3, 5]"
Chicago White Sox,Atlanta Braves,"[1, 0]"
Philadelphia Phillies,Miami Marlins,"[4, 7]"
Baltimore Orioles,Texas Rangers,"[11, 2]"
Toronto Blue Jays,New York Yankees,"[9, 2]"
St.Louis Cardinals,Cincinnati Reds,"[4, 11]"
Kansas City Royals,Cleveland Guardians,"[2, 1]"
Los Angeles Angels,Detroit Tigers,"[5, 0]"
Philadelphia Phillies,Miami Marlins,"[2, 0]"
Tampa Bay Rays,Washington Nationals,"[3, 1]"
Baltimore Orioles,Texas Rangers,"[2, 1]"
Toronto Blue Jays,New York Yankees,"[5, 16]"
New York Mets,Houston Astros,"[7, 2]"
Boston Red Sox,San Diego Padres,"[2, 9]"
Atlanta Braves,Pittsburgh Pirates,"[6, 1]"
Kansas City Royals,Cleveland Guardians,"[10, 3]"
Milwaukee Brewers,Chicago Cubs,"[4, 2]"
St.Louis Cardinals,Cincinnati Reds,"[1, 0]"
Chicago White Sox,Colorado Rockies,"[5, 3]"
Los Angeles Angels,Detroit Tigers,"[5, 2]"
Arizona Diamondbacks,Oakland Athletics,"[4, 9]"
Seattle Mariners,Minnesota Twins,"[3, 2]"
San Francisco Giants,Los Angeles Dodgers,"[5, 3]"
Chicago White Sox,Colorado Rockies,"[11, 3]"
St.Louis Cardinals,Cincinnati Reds,"[4, 9]"
Toronto Blue Jays,New York Yankees,"[9, 3]"
Philadelphia Phillies,Miami Marlins,"[2, 3]"
Arizona Diamondbacks,Oakland Athletics,"[3, 0]"
Milwaukee Brewers,Chicago Cubs,"[3, 5]"
New York Mets,Houston Astros,"[6, 9]"
Tampa Bay Rays,Washington Nationals,"[1, 8]"
Kansas City Royals,Cleveland Guardians,"[2, 7]"
Boston Red Sox,San Diego Padres,"[1, 11]"
Atlanta Braves,Pittsburgh Pirates,"[2, 1]"
Baltimore Orioles,Texas Rangers,"[6, 5]"
San Francisco Giants,Los Angeles Dodgers,"[7, 14]"
Los Angeles Angels,Detroit Tigers,"[6, 5]"
Seattle Mariners,Minnesota Twins,"[1, 5]"
Atlanta Braves,Pittsburgh Pirates,"[2, 4]"
Boston Red Sox,San Diego Padres,"[4, 1]"
Philadelphia Phillies,Miami Marlins,"[7, 6]"
Toronto Blue Jays,New York Yankees,"[1, 8]"
New York Mets,Houston Astros,"[5, 10]"
Tampa Bay Rays,Washington Nationals,"[5, 0]"
Chicago White Sox,Colorado Rockies,"[4, 5]"
Kansas City Royals,Cleveland Guardians,"[6, 2]"
Milwaukee Brewers,Chicago Cubs,"[7, 1]"
St.Louis Cardinals,Cincinnati Reds,"[2, 0]"
San Francisco Giants,Los Angeles Dodgers,"[10, 4]"
Los Angeles Angels,Detroit Tigers,"[6, 7]"
Arizona Diamondbacks,Oakland Athletics,"[5, 1]"
Seattle Mariners,Minnesota Twins,"[3, 5]"
Baltimore Orioles,Texas Rangers,"[2, 11]"
Toronto Blue Jays,Houston Astros,"[1, 3]"
Washington Nationals,New York Mets,"[7, 9]"
Colorado Rockies,Milwaukee Brewers,"[8, 7]"
Cleveland Guardians,Chicago White Sox,"[7, 6]"
Miami Marlins,Boston Red Sox,"[3, 8]"
Pittsburgh Pirates,St.Louis Cardinals,"[4, 7]"
Washington Nationals,New York Mets,"[2, 7]"
New York Yankees,Cincinnati Reds,"[4, 5]"
Toronto Blue Jays,Houston Astros,"[7, 6]"
Atlanta Braves,San Francisco Giants,"[3, 5]"
Minnesota Twins,Detroit Tigers,"[5, 3]"
Chicago Cubs,Philadelphia Phillies,"[4, 6]"
Texas Rangers,San Diego Padres,"[7, 0]"
Kansas City Royals,Tampa Bay Rays,"[1, 5]"
Colorado Rockies,Milwaukee Brewers,"[3, 4]"
Oakland Athletics,Los Angeles Angels,"[7, 5]"
Seattle Mariners,Baltimore Orioles,"[0, 2]"
Los Angeles Dodgers,Arizona Diamondbacks,"[6, 5]"
Cleveland Guardians,Chicago White Sox,"[2, 8]"
Miami Marlins,Boston Red Sox,"[2, 7]"
Pittsburgh Pirates,St.Louis Cardinals,"[5, 4]"
Washington Nationals,New York Mets,"[7, 5]"
New York Yankees,Cincinnati Reds,"[2, 3]"
Toronto Blue Jays,Houston Astros,"[2, 9]"
Atlanta Braves,San Francisco Giants,"[3, 1]"
Chicago Cubs,Philadelphia Phillies,"[3, 5]"
Texas Rangers,San Diego Padres,"[4, 6]"
Kansas City Royals,Tampa Bay Rays,"[4, 2]"
Minnesota Twins,Detroit Tigers,"[2, 9]"
Colorado Rockies,Milwaukee Brewers,"[0, 3]"
Oakland Athletics,Los Angeles Angels,"[5, 0]"
Los Angeles Dodgers,Arizona Diamondbacks,"[4, 12]"
Seattle Mariners,Baltimore Orioles,"[1, 4]"
Washington Nationals,New York Mets,"[1, 0]"
Pittsburgh Pirates,St.Louis Cardinals,"[2, 3]"
New York Yankees,Cincinnati Reds,"[4, 8]"
Toronto Blue Jays,Houston Astros,"[3, 5]"
Miami Marlins,Boston Red Sox,"[5, 6]"
Minnesota Twins,Detroit Tigers,"[12, 3]"
Cleveland Guardians,Chicago White Sox,"[8, 4]"
Chicago Cubs,Philadelphia Phillies,"[10, 2]"
Texas Rangers,San Diego Padres,"[1, 3]"
Oakland Athletics,Los Angeles Angels,"[5, 0]"
Seattle Mariners,Baltimore Orioles,"[7, 3]"
Atlanta Braves,San Francisco Giants,"[2, 4]"
Colorado Rockies,Milwaukee Brewers,"[4, 3]"
Kansas City Royals,Tampa Bay Rays,"[8, 10]"
Los Angeles Dodgers,Arizona Diamondbacks,"[3, 9]"
Chicago Cubs,Los Angeles Angels,"[5, 1]"
Pittsburgh Pirates,New York Mets,"[14, 2]"
Washington Nationals,St.Louis Cardinals,"[6, 7]"
New York Yankees,Boston Red Sox,"[3, 5]"
Cleveland Guardians,San Francisco Giants,"[2, 4]"
Cincinnati Reds,Detroit Tigers,"[4, 5]"
Miami Marlins,Chicago White Sox,"[2, 3]"
Atlanta Braves,Philadelphia Phillies,"[6, 8]"
Texas Rangers,Tampa Bay Rays,"[3, 0]"
Colorado Rockies,Kansas City Royals,"[4, 2]"
Minnesota Twins,Houston Astros,"[12, 13]"
Seattle Mariners,Toronto Blue Jays,"[2, 1]"
Oakland Athletics,Baltimore Orioles,"[2, 3]"
San Diego Padres,Arizona Diamondbacks,"[10, 8]"
Los Angeles Dodgers,Milwaukee Brewers,"[8, 5]"
New York Yankees,Boston Red Sox,"[14, 4]"
Minnesota Twins,Houston Astros,"[9, 3]"
Chicago Cubs,Los Angeles Angels,"[0, 7]"
Washington Nationals,St.Louis Cardinals,"[14, 6]"
Texas Rangers,Tampa Bay Rays,"[4, 3]"
Pittsburgh Pirates,New York Mets,"[2, 5]"
Oakland Athletics,Baltimore Orioles,"[19, 8]"
Cleveland Guardians,San Francisco Giants,"[5, 4]"
Cincinnati Reds,Detroit Tigers,"[3, 5]"
Miami Marlins,Chicago White Sox,"[4, 3]"
Seattle Mariners,Toronto Blue Jays,"[4, 5]"
Atlanta Braves,Philadelphia Phillies,"[5, 1]"
Los Angeles Dodgers,Milwaukee Brewers,"[5, 3]"
Colorado Rockies,Kansas City Royals,"[3, 1]"
San Diego Padres,Arizona Diamondbacks,"[5, 7]"
Washington Nationals,St.Louis Cardinals,"[3, 8]"
Atlanta Braves,Philadelphia Phillies,"[6, 0]"
Pittsburgh Pirates,New York Mets,"[2, 3]"
Cincinnati Reds,Detroit Tigers,"[1, 5]"
Miami Marlins,Chicago White Sox,"[7, 4]"
Cleveland Guardians,San Francisco Giants,"[5, 4]"
Minnesota Twins,Houston Astros,"[3, 2]"
Chicago Cubs,Los Angeles Angels,"[5, 0]"
Texas Rangers,Tampa Bay Rays,"[13, 2]"
Colorado Rockies,Kansas City Royals,"[1, 10]"
Oakland Athletics,Baltimore Orioles,"[3, 6]"
Los Angeles Dodgers,Milwaukee Brewers,"[2, 9]"
San Diego Padres,Arizona Diamondbacks,"[1, 9]"
Seattle Mariners,Toronto Blue Jays,"[4, 5]"
New York Yankees,Boston Red Sox,"[0, 3]"
Pittsburgh Pirates,New York Mets,"[8, 2]"
Washington Nationals,St.Louis Cardinals,"[0, 6]"
Detroit Tigers,Cleveland Guardians,"[1, 0]"
Cincinnati Reds,Colorado Rockies,"[6, 0]"
Chicago White Sox,Minnesota Twins,"[6, 8]"
Los Angeles Angels,Texas Rangers,"[4, 9]"
Arizona Diamondbacks,Atlanta Braves,"[4, 5]"
Baltimore Orioles,Chicago Cubs,"[2, 9]"
Detroit Tigers,Cleveland Guardians,"[8, 9]"
Philadelphia Phillies,Los Angeles Dodgers,"[10, 1]"
Tampa Bay Rays,New York Yankees,"[5, 3]"
New York Mets,Washington Nationals,"[7, 5]"
Cincinnati Reds,Colorado Rockies,"[12, 6]"
Boston Red Sox,Oakland Athletics,"[12, 9]"
Houston Astros,Miami Marlins,"[4, 3]"
Milwaukee Brewers,Pittsburgh Pirates,"[2, 12]"
Los Angeles Angels,Texas Rangers,"[4, 5]"
Arizona Diamondbacks,Atlanta Braves,"[2, 6]"
San Diego Padres,Seattle Mariners,"[3, 8]"
San Francisco Giants,Toronto Blue Jays,"[4, 3]"
St.Louis Cardinals,Kansas City Royals,"[4, 6]"
Chicago White Sox,Minnesota Twins,"[3, 1]"
Chicago White Sox,Minnesota Twins,"[2, 3]"
Baltimore Orioles,Chicago Cubs,"[0, 4]"
Detroit Tigers,Cleveland Guardians,"[5, 4]"
San Diego Padres,Seattle Mariners,"[0, 2]"
Tampa Bay Rays,New York Yankees,"[1, 2]"
Philadelphia Phillies,Los Angeles Dodgers,"[4, 3]"
Boston Red Sox,Oakland Athletics,"[2, 5]"
Cincinnati Reds,Colorado Rockies,"[5, 6]"
New York Mets,Washington Nationals,"[6, 2]"
St.Louis Cardinals,Kansas City Royals,"[5, 8]"
Houston Astros,Miami Marlins,"[9, 1]"
Milwaukee Brewers,Pittsburgh Pirates,"[9, 0]"
Los Angeles Angels,Texas Rangers,"[7, 2]"
Arizona Diamondbacks,Atlanta Braves,"[7, 5]"
San Francisco Giants,Toronto Blue Jays,"[6, 10]"
Cincinnati Reds,Colorado Rockies,"[8, 1]"
Detroit Tigers,Cleveland Guardians,"[10, 1]"
New York Mets,Washington Nationals,"[7, 0]"
Milwaukee Brewers,Pittsburgh Pirates,"[0, 1]"
San Francisco Giants,Toronto Blue Jays,"[3, 5]"
Philadelphia Phillies,Los Angeles Dodgers,"[5, 1]"
Baltimore Orioles,Chicago Cubs,"[0, 8]"
Tampa Bay Rays,New York Yankees,"[5, 4]"
Boston Red Sox,Oakland Athletics,"[7, 0]"
Houston Astros,Miami Marlins,"[6, 3]"
Los Angeles Angels,Seattle Mariners,"[0, 11]"
Arizona Diamondbacks,Atlanta Braves,"[1, 0]"
Detroit Tigers,Los Angeles Dodgers,"[3, 4]"
Philadelphia Phillies,Oakland Athletics,"[2, 6]"
Tampa Bay Rays,Cleveland Guardians,"[2, 0]"
Baltimore Orioles,New York Yankees,"[1, 4]"
Boston Red Sox,Kansas City Royals,"[1, 6]"
Cincinnati Reds,Miami Marlins,"[7, 4]"
New York Mets,Colorado Rockies,"[7, 6]"
Houston Astros,Texas Rangers,"[6, 3]"
Chicago White Sox,Pittsburgh Pirates,"[1, 4]"
Milwaukee Brewers,Washington Nationals,"[2, 5]"
St.Louis Cardinals,Chicago Cubs,"[1, 5]"
Los Angeles Angels,Seattle Mariners,"[6, 5]"
Arizona Diamondbacks,Toronto Blue Jays,"[5, 4]"
San Diego Padres,Atlanta Braves,"[1, 6]"
San Francisco Giants,Minnesota Twins,"[7, 1]"
Detroit Tigers,Los Angeles Dodgers,"[11, 9]"
Chicago White Sox,Pittsburgh Pirates,"[2, 6]"
St.Louis Cardinals,Chicago Cubs,"[11, 3]"
Baltimore Orioles,New York Yankees,"[1, 6]"
Philadelphia Phillies,Oakland Athletics,"[11, 5]"
Houston Astros,Texas Rangers,"[1, 2]"
Tampa Bay Rays,Cleveland Guardians,"[2, 4]"
New York Mets,Colorado Rockies,"[7, 3]"
Milwaukee Brewers,Washington Nationals,"[5, 6]"
Cincinnati Reds,Miami Marlins,"[10, 6]"
Boston Red Sox,Kansas City Royals,"[5, 0]"
San Diego Padres,Atlanta Braves,"[4, 0]"
San Francisco Giants,Minnesota Twins,"[2, 4]"
St.Louis Cardinals,Chicago Cubs,"[5, 4]"
Los Angeles Angels,Seattle Mariners,"[2, 1]"
Arizona Diamondbacks,Toronto Blue Jays,"[12, 1]"
Baltimore Orioles,New York Yankees,"[6, 5]"
Boston Red Sox,Kansas City Royals,"[5, 4]"
Philadelphia Phillies,Oakland Athletics,"[3, 18]"
Tampa Bay Rays,Cleveland Guardians,"[2, 0]"
Detroit Tigers,Los Angeles Dodgers,"[4, 3]"
New York Mets,Colorado Rockies,"[5, 8]"
Cincinnati Reds,Miami Marlins,"[2, 3]"
Chicago White Sox,Pittsburgh Pirates,"[4, 9]"
Milwaukee Brewers,Washington Nationals,"[9, 3]"
Houston Astros,Texas Rangers,"[2, 4]"
St.Louis Cardinals,Chicago Cubs,"[3, 8]"
San Francisco Giants,Minnesota Twins,"[3, 2]"
Los Angeles Angels,Seattle Mariners,"[3, 2]"
Arizona Diamondbacks,Toronto Blue Jays,"[7, 8]"
San Diego Padres,Atlanta Braves,"[3, 6]"
American League,National League,"[5, 3]"
Chicago Cubs,Arizona Diamondbacks,"[2, 5]"
Pittsburgh Pirates,Philadelphia Phillies,"[8, 7]"
Washington Nationals,Cincinnati Reds,"[8, 5]"
New York Yankees,Tampa Bay Rays,"[6, 1]"
Toronto Blue Jays,Detroit Tigers,"[4, 5]"
Cleveland Guardians,San Diego Padres,"[7, 0]"
Miami Marlins,New York Mets,"[6, 4]"
Texas Rangers,Baltimore Orioles,"[1, 9]"
Kansas City Royals,Chicago White Sox,"[7, 1]"
Colorado Rockies,San Francisco Giants,"[7, 3]"
Oakland Athletics,Los Angeles Angels,"[13, 3]"
Los Angeles Dodgers,Boston Red Sox,"[4, 1]"
Seattle Mariners,Houston Astros,"[0, 3]"
New York Yankees,Tampa Bay Rays,"[1, 9]"
Atlanta Braves,St.Louis Cardinals,"[3, 2]"
Toronto Blue Jays,Detroit Tigers,"[3, 7]"
Oakland Athletics,Los Angeles Angels,"[8, 2]"
Miami Marlins,New York Mets,"[0, 1]"
Pittsburgh Pirates,Philadelphia Phillies,"[4, 1]"
Washington Nationals,Cincinnati Reds,"[5, 4]"
Texas Rangers,Baltimore Orioles,"[4, 8]"
Cleveland Guardians,San Diego Padres,"[0, 7]"
Kansas City Royals,Chicago White Sox,"[6, 1]"
Minnesota Twins,Milwaukee Brewers,"[4, 8]"
Chicago Cubs,Arizona Diamondbacks,"[0, 3]"
Los Angeles Dodgers,Boston Red Sox,"[7, 6]"
Atlanta Braves,St.Louis Cardinals,"[5, 9]"
Colorado Rockies,San Francisco Giants,"[4, 3]"
Seattle Mariners,Houston Astros,"[2, 4]"
Minnesota Twins,Milwaukee Brewers,"[7, 8]"
Atlanta Braves,St.Louis Cardinals,"[2, 6]"
New York Yankees,Tampa Bay Rays,"[4, 6]"
Pittsburgh Pirates,Philadelphia Phillies,"[0, 6]"
Washington Nationals,Cincinnati Reds,"[5, 2]"
Toronto Blue Jays,Detroit Tigers,"[5, 4]"
Miami Marlins,New York Mets,"[4, 2]"
Cleveland Guardians,San Diego Padres,"[1, 2]"
Kansas City Royals,Chicago White Sox,"[4, 1]"
Chicago Cubs,Arizona Diamondbacks,"[2, 1]"
Texas Rangers,Baltimore Orioles,"[3, 2]"
Colorado Rockies,San Francisco Giants,"[2, 3]"
Oakland Athletics,Los Angeles Angels,"[5, 8]"
Seattle Mariners,Houston Astros,"[6, 4]"
Los Angeles Dodgers,Boston Red Sox,"[9, 6]"
New York Yankees,Tampa Bay Rays,"[9, 1]"
Cleveland Guardians,Detroit Tigers,"[2, 8]"
Pittsburgh Pirates,St.Louis Cardinals,"[2, 1]"
Miami Marlins,New York Mets,"[4, 6]"
Atlanta Braves,Cincinnati Reds,"[1, 4]"
Minnesota Twins,Philadelphia Phillies,"[7, 2]"
Chicago Cubs,Milwaukee Brewers,"[3, 1]"
Texas Rangers,Chicago White Sox,"[4, 3]"
Kansas City Royals,Arizona Diamondbacks,"[10, 4]"
Colorado Rockies,Boston Red Sox,"[9, 8]"
Oakland Athletics,Houston Astros,"[4, 0]"
Seattle Mariners,Los Angeles Angels,"[1, 3]"
Los Angeles Dodgers,San Francisco Giants,"[3, 2]"
Cleveland Guardians,Detroit Tigers,"[5, 4]"
Miami Marlins,Baltimore Orioles,"[6, 3]"
Pittsburgh Pirates,St.Louis Cardinals,"[1, 2]"
Washington Nationals,San Diego Padres,"[0, 4]"
New York Yankees,New York Mets,"[2, 3]"
Toronto Blue Jays,Tampa Bay Rays,"[2, 4]"
Minnesota Twins,Philadelphia Phillies,"[0, 3]"
Chicago Cubs,Milwaukee Brewers,"[0, 1]"
Texas Rangers,Chicago White Sox,"[3, 2]"
Kansas City Royals,Arizona Diamondbacks,"[2, 6]"
Colorado Rockies,Boston Red Sox,"[0, 6]"
Oakland Athletics,Houston Astros,"[8, 2]"
Seattle Mariners,Los Angeles Angels,"[1, 5]"
Los Angeles Dodgers,San Francisco Giants,"[5, 2]"
Atlanta Braves,Cincinnati Reds,"[4, 9]"
Pittsburgh Pirates,St.Louis Cardinals,"[5, 0]"
Minnesota Twins,Philadelphia Phillies,"[5, 4]"
Chicago Cubs,Milwaukee Brewers,"[2, 3]"
Colorado Rockies,Boston Red Sox,"[20, 7]"
Oakland Athletics,Houston Astros,"[1, 8]"
Seattle Mariners,Los Angeles Angels,"[1, 2]"
Cleveland Guardians,Detroit Tigers,"[2, 1]"
Miami Marlins,Baltimore Orioles,"[6, 3]"
Washington Nationals,San Diego Padres,"[3, 12]"
New York Yankees,New York Mets,"[3, 12]"
Toronto Blue Jays,Tampa Bay Rays,"[6, 3]"
Texas Rangers,Chicago White Sox,"[10, 2]"
Kansas City Royals,Arizona Diamondbacks,"[6, 8]"
Los Angeles Dodgers,San Francisco Giants,"[3, 8]"
Washington Nationals,San Diego Padres,"[0, 3]"
Miami Marlins,Baltimore Orioles,"[6, 7]"
Cleveland Guardians,Detroit Tigers,"[0, 3]"
Texas Rangers,Chicago White Sox,"[2, 1]"
Toronto Blue Jays,Tampa Bay Rays,"[0, 13]"
Los Angeles Dodgers,San Francisco Giants,"[6, 4]"
New York Mets,Atlanta Braves,"[3, 2]"
Los Angeles Angels,Oakland Athletics,"[5, 6]"
Detroit Tigers,Minnesota Twins,"[3, 9]"
Philadelphia Phillies,Cleveland Guardians,"[1, 3]"
Tampa Bay Rays,Cincinnati Reds,"[2, 3]"
Baltimore Orioles,San Diego Padres,"[4, 6]"
Toronto Blue Jays,Texas Rangers,"[6, 5]"
Boston Red Sox,New York Yankees,"[9, 7]"
New York Mets,Atlanta Braves,"[8, 4]"
Houston Astros,Los Angeles Dodgers,"[5, 0]"
Chicago White Sox,Seattle Mariners,"[0, 10]"
Kansas City Royals,Chicago Cubs,"[6, 0]"
Milwaukee Brewers,Miami Marlins,"[2, 6]"
St.Louis Cardinals,Washington Nationals,"[8, 10]"
Los Angeles Angels,Oakland Athletics,"[4, 5]"
Arizona Diamondbacks,Pittsburgh Pirates,"[4, 3]"
San Francisco Giants,Colorado Rockies,"[11, 4]"
Toronto Blue Jays,Texas Rangers,"[7, 3]"
Baltimore Orioles,San Diego Padres,"[4, 9]"
New York Mets,Atlanta Braves,"[0, 4]"
Tampa Bay Rays,Cincinnati Reds,"[4, 0]"
Philadelphia Phillies,Cleveland Guardians,"[8, 0]"
Detroit Tigers,Minnesota Twins,"[7, 2]"
San Francisco Giants,Colorado Rockies,"[4, 1]"
Houston Astros,Los Angeles Dodgers,"[7, 6]"
Kansas City Royals,Chicago Cubs,"[4, 9]"
Milwaukee Brewers,Miami Marlins,"[3, 7]"
Chicago White Sox,Seattle Mariners,"[3, 6]"
Boston Red Sox,New York Yankees,"[8, 11]"
St.Louis Cardinals,Washington Nationals,"[3, 14]"
Arizona Diamondbacks,Pittsburgh Pirates,"[9, 5]"
Los Angeles Angels,Oakland Athletics,"[1, 3]"
San Francisco Giants,Colorado Rockies,"[5, 0]"
Tampa Bay Rays,Cincinnati Reds,"[2, 1]"
Philadelphia Phillies,Cleveland Guardians,"[3, 4]"
Baltimore Orioles,San Diego Padres,"[8, 6]"
Toronto Blue Jays,Texas Rangers,"[7, 3]"
Detroit Tigers,Minnesota Twins,"[0, 5]"
New York Mets,Atlanta Braves,"[2, 9]"
Chicago White Sox,Seattle Mariners,"[3, 6]"
Kansas City Royals,Chicago Cubs,"[3, 7]"
Milwaukee Brewers,Miami Marlins,"[6, 2]"
Houston Astros,Los Angeles Dodgers,"[2, 6]"
St.Louis Cardinals,Washington Nationals,"[4, 3]"
San Francisco Giants,Colorado Rockies,"[5, 4]"
Los Angeles Angels,Oakland Athletics,"[8, 6]"
Arizona Diamondbacks,Pittsburgh Pirates,"[5, 6]"
Boston Red Sox,New York Yankees,"[2, 8]"
Baltimore Orioles,Toronto Blue Jays,"[11, 5]"
Baltimore Orioles,Toronto Blue Jays,"[4, 8]"
Detroit Tigers,Cleveland Guardians,"[4, 8]"
Philadelphia Phillies,New York Yankees,"[4, 14]"
New York Mets,Minnesota Twins,"[15, 2]"
Boston Red Sox,Seattle Mariners,"[14, 7]"
Cincinnati Reds,Chicago Cubs,"[7, 1]"
St.Louis Cardinals,Texas Rangers,"[3, 6]"
Houston Astros,Pittsburgh Pirates,"[3, 5]"
Chicago White Sox,Kansas City Royals,"[5, 8]"
Milwaukee Brewers,Atlanta Braves,"[8, 3]"
Arizona Diamondbacks,Washington Nationals,"[9, 8]"
Detroit Tigers,Cleveland Guardians,"[0, 5]"
Baltimore Orioles,Toronto Blue Jays,"[6, 2]"
Philadelphia Phillies,New York Yankees,"[6, 7]"
Tampa Bay Rays,Miami Marlins,"[9, 3]"
Boston Red Sox,Seattle Mariners,"[6, 10]"
Cincinnati Reds,Chicago Cubs,"[6, 3]"
New York Mets,Minnesota Twins,"[2, 0]"
St.Louis Cardinals,Texas Rangers,"[8, 1]"
Houston Astros,Pittsburgh Pirates,"[2, 6]"
Chicago White Sox,Kansas City Royals,"[3, 4]"
Milwaukee Brewers,Atlanta Braves,"[1, 5]"
Los Angeles Angels,Colorado Rockies,"[10, 7]"
Arizona Diamondbacks,Washington Nationals,"[17, 0]"
San Diego Padres,Los Angeles Dodgers,"[6, 5]"
San Francisco Giants,Oakland Athletics,"[2, 5]"
Tampa Bay Rays,Miami Marlins,"[2, 6]"
Baltimore Orioles,Toronto Blue Jays,"[10, 4]"
Philadelphia Phillies,New York Yankees,"[5, 6]"
New York Mets,Minnesota Twins,"[3, 8]"
Chicago White Sox,Kansas City Royals,"[3, 10]"
Milwaukee Brewers,Atlanta Braves,"[2, 6]"
St.Louis Cardinals,Texas Rangers,"[10, 1]"
Arizona Diamondbacks,Washington Nationals,"[5, 4]"
Boston Red Sox,Seattle Mariners,"[3, 2]"
Cincinnati Reds,Chicago Cubs,"[4, 13]"
Houston Astros,Pittsburgh Pirates,"[5, 4]"
San Diego Padres,Los Angeles Dodgers,"[8, 1]"
Los Angeles Angels,Colorado Rockies,"[1, 2]"
San Francisco Giants,Oakland Athletics,"[1, 0]"
Cleveland Guardians,Baltimore Orioles,"[10, 3]"
Detroit Tigers,Kansas City Royals,"[1, 7]"
Atlanta Braves,Miami Marlins,"[4, 2]"
Chicago Cubs,St.Louis Cardinals,"[5, 4]"
Los Angeles Angels,Colorado Rockies,"[4, 5]"
Chicago Cubs,St.Louis Cardinals,"[6, 3]"
Detroit Tigers,Kansas City Royals,"[2, 9]"
Pittsburgh Pirates,Arizona Diamondbacks,"[8, 9]"
Washington Nationals,Milwaukee Brewers,"[3, 8]"
New York Yankees,Toronto Blue Jays,"[5, 8]"
Cleveland Guardians,Baltimore Orioles,"[8, 4]"
Cincinnati Reds,San Francisco Giants,"[0, 3]"
Atlanta Braves,Miami Marlins,"[5, 3]"
Texas Rangers,Boston Red Sox,"[6, 11]"
Houston Astros,Tampa Bay Rays,"[3, 2]"
Minnesota Twins,Chicago White Sox,"[10, 2]"
Los Angeles Angels,New York Mets,"[1, 5]"
Oakland Athletics,Los Angeles Dodgers,"[6, 5]"
San Diego Padres,Colorado Rockies,"[2, 5]"
Seattle Mariners,Philadelphia Phillies,"[10, 2]"
New York Yankees,Toronto Blue Jays,"[8, 3]"
Chicago Cubs,St.Louis Cardinals,"[4, 5]"
Washington Nationals,Milwaukee Brewers,"[6, 4]"
Detroit Tigers,Kansas City Royals,"[6, 5]"
Pittsburgh Pirates,Arizona Diamondbacks,"[4, 2]"
Texas Rangers,Boston Red Sox,"[7, 4]"
Minnesota Twins,Chicago White Sox,"[6, 2]"
Cleveland Guardians,Baltimore Orioles,"[4, 7]"
Houston Astros,Tampa Bay Rays,"[1, 6]"
Cincinnati Reds,San Francisco Giants,"[6, 4]"
Atlanta Braves,Miami Marlins,"[3, 4]"
San Diego Padres,Colorado Rockies,"[3, 2]"
Oakland Athletics,Los Angeles Dodgers,"[0, 10]"
Los Angeles Angels,New York Mets,"[5, 4]"
Seattle Mariners,Philadelphia Phillies,"[6, 5]"
Cincinnati Reds,San Francisco Giants,"[2, 8]"
Atlanta Braves,Miami Marlins,"[0, 7]"
New York Yankees,Toronto Blue Jays,"[4, 3]"
Pittsburgh Pirates,Arizona Diamondbacks,"[5, 6]"
Washington Nationals,Milwaukee Brewers,"[4, 3]"
Detroit Tigers,Kansas City Royals,"[2, 3]"
Cleveland Guardians,Baltimore Orioles,"[5, 9]"
Minnesota Twins,Chicago White Sox,"[13, 7]"
Houston Astros,Tampa Bay Rays,"[0, 1]"
Texas Rangers,Boston Red Sox,"[2, 7]"
Los Angeles Angels,New York Mets,"[3, 2]"
Oakland Athletics,Los Angeles Dodgers,"[2, 3]"
San Diego Padres,Colorado Rockies,"[10, 2]"
Seattle Mariners,Philadelphia Phillies,"[0, 6]"
Chicago Cubs,St.Louis Cardinals,"[6, 2]"
St.Louis Cardinals,New York Mets,"[0, 6]"
Cleveland Guardians,Arizona Diamondbacks,"[6, 7]"
Miami Marlins,Cincinnati Reds,"[3, 10]"
Washington Nationals,San Francisco Giants,"[1, 4]"
Chicago Cubs,Minnesota Twins,"[0, 3]"
Texas Rangers,Houston Astros,"[4, 3]"
Kansas City Royals,Boston Red Sox,"[5, 9]"
Oakland Athletics,Chicago White Sox,"[5, 1]"
Los Angeles Dodgers,Philadelphia Phillies,"[5, 3]"
Miami Marlins,Cincinnati Reds,"[2, 8]"
Pittsburgh Pirates,San Diego Padres,"[0, 6]"
Washington Nationals,San Francisco Giants,"[11, 5]"
Toronto Blue Jays,Baltimore Orioles,"[5, 2]"
Atlanta Braves,Milwaukee Brewers,"[0, 10]"
St.Louis Cardinals,Tampa Bay Rays,"[4, 3]"
Chicago Cubs,Minnesota Twins,"[7, 3]"
Texas Rangers,Houston Astros,"[2, 4]"
Kansas City Royals,Boston Red Sox,"[5, 6]"
Colorado Rockies,New York Mets,"[6, 3]"
Oakland Athletics,Chicago White Sox,"[1, 5]"
Seattle Mariners,Detroit Tigers,"[2, 4]"
Los Angeles Dodgers,Philadelphia Phillies,"[2, 6]"
Cleveland Guardians,Arizona Diamondbacks,"[3, 7]"
Chicago Cubs,Minnesota Twins,"[8, 2]"
Texas Rangers,Houston Astros,"[4, 6]"
Oakland Athletics,Chicago White Sox,"[3, 2]"
New York Yankees,Los Angeles Angels,"[5, 2]"
Cleveland Guardians,Arizona Diamondbacks,"[3, 5]"
Miami Marlins,Cincinnati Reds,"[6, 4]"
Pittsburgh Pirates,San Diego Padres,"[8, 9]"
Washington Nationals,San Francisco Giants,"[4, 7]"
New York Yankees,Los Angeles Angels,"[2, 8]"
Toronto Blue Jays,Baltimore Orioles,"[3, 7]"
Atlanta Braves,Milwaukee Brewers,"[5, 8]"
St.Louis Cardinals,Tampa Bay Rays,"[5, 2]"
Kansas City Royals,Boston Red Sox,"[8, 4]"
Colorado Rockies,New York Mets,"[3, 5]"
Seattle Mariners,Detroit Tigers,"[2, 6]"
Los Angeles Dodgers,Philadelphia Phillies,"[4, 9]"
Washington Nationals,San Francisco Giants,"[5, 9]"
Atlanta Braves,Milwaukee Brewers,"[7, 16]"
Pittsburgh Pirates,San Diego Padres,"[6, 7]"
Colorado Rockies,New York Mets,"[1, 9]"
Miami Marlins,Cincinnati Reds,"[4, 10]"
New York Yankees,Los Angeles Angels,"[4, 9]"
Toronto Blue Jays,Baltimore Orioles,"[7, 6]"
St.Louis Cardinals,Tampa Bay Rays,"[4, 6]"
Arizona Diamondbacks,Philadelphia Phillies,"[4, 6]"
Seattle Mariners,Detroit Tigers,"[4, 3]"
Minnesota Twins,Cleveland Guardians,"[4, 2]"
Washington Nationals,Los Angeles Angels,"[3, 2]"
Tampa Bay Rays,Baltimore Orioles,"[1, 4]"
Toronto Blue Jays,Oakland Athletics,"[3, 1]"
Boston Red Sox,Houston Astros,"[4, 8]"
Miami Marlins,San Diego Padres,"[2, 6]"
Chicago White Sox,Chicago Cubs,"[6, 7]"
Kansas City Royals,St.Louis Cardinals,"[5, 8]"
Milwaukee Brewers,Cincinnati Reds,"[8, 3]"
Minnesota Twins,Cleveland Guardians,"[6, 3]"
Colorado Rockies,Atlanta Braves,"[6, 5]"
Arizona Diamondbacks,Philadelphia Phillies,"[3, 2]"
Los Angeles Dodgers,Pittsburgh Pirates,"[9, 5]"
Seattle Mariners,New York Mets,"[6, 0]"
San Francisco Giants,Detroit Tigers,"[3, 2]"
New York Yankees,Texas Rangers,"[8, 0]"
Toronto Blue Jays,Oakland Athletics,"[0, 1]"
New York Yankees,Texas Rangers,"[4, 9]"
San Francisco Giants,Detroit Tigers,"[3, 1]"
Boston Red Sox,Houston Astros,"[4, 5]"
Miami Marlins,San Diego Padres,"[8, 9]"
Washington Nationals,Los Angeles Angels,"[5, 4]"
Minnesota Twins,Cleveland Guardians,"[1, 2]"
Kansas City Royals,St.Louis Cardinals,"[8, 3]"
Milwaukee Brewers,Cincinnati Reds,"[1, 0]"
Tampa Bay Rays,Baltimore Orioles,"[5, 7]"
Chicago White Sox,Chicago Cubs,"[1, 3]"
Arizona Diamondbacks,Philadelphia Phillies,"[11, 1]"
Colorado Rockies,Atlanta Braves,"[8, 11]"
Los Angeles Dodgers,Pittsburgh Pirates,"[4, 1]"
Seattle Mariners,New York Mets,"[4, 0]"
Washington Nationals,Los Angeles Angels,"[4, 6]"
Boston Red Sox,Houston Astros,"[2, 10]"
New York Yankees,Texas Rangers,"[8, 7]"
Toronto Blue Jays,Oakland Athletics,"[4, 8]"
Miami Marlins,San Diego Padres,"[7, 6]"
Tampa Bay Rays,Baltimore Orioles,"[2, 1]"
Milwaukee Brewers,Cincinnati Reds,"[3, 4]"
Minnesota Twins,Cleveland Guardians,"[3, 5]"
Colorado Rockies,Atlanta Braves,"[9, 8]"
San Francisco Giants,Detroit Tigers,"[4, 5]"
Arizona Diamondbacks,Philadelphia Phillies,"[12, 5]"
Los Angeles Dodgers,Pittsburgh Pirates,"[6, 5]"
Seattle Mariners,New York Mets,"[12, 1]"
Cleveland Guardians,Chicago Cubs,"[9, 8]"
Cincinnati Reds,St.Louis Cardinals,"[6, 1]"
Tampa Bay Rays,Houston Astros,"[1, 6]"
Boston Red Sox,Texas Rangers,"[5, 4]"
Minnesota Twins,Kansas City Royals,"[8, 3]"
Chicago White Sox,New York Yankees,"[12, 2]"
Milwaukee Brewers,Los Angeles Dodgers,"[2, 5]"
Los Angeles Angels,Toronto Blue Jays,"[2, 4]"
Arizona Diamondbacks,Colorado Rockies,"[5, 4]"
San Diego Padres,Pittsburgh Pirates,"[2, 1]"
San Francisco Giants,Atlanta Braves,"[0, 1]"
Baltimore Orioles,Washington Nationals,"[3, 9]"
Cleveland Guardians,Chicago Cubs,"[2, 1]"
Cincinnati Reds,St.Louis Cardinals,"[4, 1]"
Detroit Tigers,Seattle Mariners,"[15, 1]"
Philadelphia Phillies,Miami Marlins,"[0, 5]"
Tampa Bay Rays,Houston Astros,"[2, 3]"
Boston Red Sox,Texas Rangers,"[9, 4]"
New York Mets,Oakland Athletics,"[4, 9]"
Minnesota Twins,Kansas City Royals,"[13, 3]"
Chicago White Sox,New York Yankees,"[1, 4]"
Milwaukee Brewers,Los Angeles Dodgers,"[2, 7]"
Los Angeles Angels,Toronto Blue Jays,"[1, 6]"
Arizona Diamondbacks,Colorado Rockies,"[4, 3]"
San Diego Padres,Pittsburgh Pirates,"[3, 0]"
San Francisco Giants,Atlanta Braves,"[3, 4]"
Minnesota Twins,Kansas City Royals,"[1, 4]"
Arizona Diamondbacks,Colorado Rockies,"[11, 4]"
San Diego Padres,Pittsburgh Pirates,"[8, 2]"
Boston Red Sox,Texas Rangers,"[7, 9]"
Baltimore Orioles,Washington Nationals,"[4, 1]"
Cleveland Guardians,Chicago Cubs,"[6, 1]"
Philadelphia Phillies,Miami Marlins,"[9, 5]"
Cincinnati Reds,St.Louis Cardinals,"[9, 2]"
Detroit Tigers,Seattle Mariners,"[3, 2]"
Tampa Bay Rays,Houston Astros,"[1, 2]"
New York Mets,Oakland Athletics,"[9, 1]"
Chicago White Sox,New York Yankees,"[2, 10]"
Milwaukee Brewers,Los Angeles Dodgers,"[5, 4]"
Los Angeles Angels,Toronto Blue Jays,"[2, 9]"
San Francisco Giants,Atlanta Braves,"[2, 13]"
New York Mets,Oakland Athletics,"[6, 7]"
Detroit Tigers,Seattle Mariners,"[2, 1]"
Milwaukee Brewers,Los Angeles Dodgers,"[6, 4]"
San Francisco Giants,Atlanta Braves,"[6, 0]"
Baltimore Orioles,Boston Red Sox,"[5, 1]"
Philadelphia Phillies,Washington Nationals,"[13, 3]"
Texas Rangers,Minnesota Twins,"[2, 3]"
Chicago Cubs,Toronto Blue Jays,"[6, 5]"
Pittsburgh Pirates,Seattle Mariners,"[5, 3]"
Cincinnati Reds,Kansas City Royals,"[1, 7]"
Philadelphia Phillies,Washington Nationals,"[3, 2]"
Detroit Tigers,New York Yankees,"[0, 3]"
Tampa Bay Rays,Arizona Diamondbacks,"[5, 4]"
Baltimore Orioles,Boston Red Sox,"[10, 12]"
New York Mets,Miami Marlins,"[7, 3]"
Texas Rangers,Minnesota Twins,"[3, 4]"
Houston Astros,Chicago White Sox,"[4, 5]"
Milwaukee Brewers,Cleveland Guardians,"[5, 3]"
St.Louis Cardinals,Los Angeles Dodgers,"[6, 7]"
Colorado Rockies,San Diego Padres,"[7, 3]"
Los Angeles Angels,Atlanta Braves,"[3, 2]"
Pittsburgh Pirates,Seattle Mariners,"[7, 2]"
Detroit Tigers,New York Yankees,"[4, 0]"
Chicago Cubs,Toronto Blue Jays,"[3, 2]"
New York Mets,Miami Marlins,"[4, 0]"
Tampa Bay Rays,Arizona Diamondbacks,"[6, 1]"
Philadelphia Phillies,Washington Nationals,"[5, 1]"
Cincinnati Reds,Kansas City Royals,"[1, 13]"
Baltimore Orioles,Boston Red Sox,"[1, 5]"
Texas Rangers,Minnesota Twins,"[2, 5]"
Oakland Athletics,San Francisco Giants,"[2, 0]"
Houston Astros,Chicago White Sox,"[6, 1]"
Milwaukee Brewers,Cleveland Guardians,"[2, 1]"
St.Louis Cardinals,Los Angeles Dodgers,"[5, 2]"
Colorado Rockies,San Diego Padres,"[3, 8]"
Los Angeles Angels,Atlanta Braves,"[3, 11]"
New York Mets,Miami Marlins,"[2, 3]"
Pittsburgh Pirates,Seattle Mariners,"[3, 10]"
Philadelphia Phillies,Washington Nationals,"[4, 6]"
Baltimore Orioles,Boston Red Sox,"[4, 2]"
Cincinnati Reds,Kansas City Royals,"[1, 8]"
Tampa Bay Rays,Arizona Diamondbacks,"[8, 7]"
Milwaukee Brewers,Cleveland Guardians,"[2, 0]"
Houston Astros,Chicago White Sox,"[2, 0]"
St.Louis Cardinals,Los Angeles Dodgers,"[1, 2]"
Chicago Cubs,Toronto Blue Jays,"[0, 1]"
Texas Rangers,Minnesota Twins,"[6, 5]"
Colorado Rockies,San Diego Padres,"[3, 2]"
Los Angeles Angels,Atlanta Braves,"[1, 3]"
Oakland Athletics,San Francisco Giants,"[2, 4]"
Detroit Tigers,New York Yankees,"[3, 2]"
Miami Marlins,Arizona Diamondbacks,"[6, 9]"
Toronto Blue Jays,Cincinnati Reds,"[3, 6]"
New York Mets,Baltimore Orioles,"[4, 3]"
Texas Rangers,Pittsburgh Pirates,"[4, 3]"
Houston Astros,Boston Red Sox,"[5, 4]"
Kansas City Royals,Los Angeles Angels,"[5, 3]"
San Diego Padres,Minnesota Twins,"[5, 3]"
Oakland Athletics,Tampa Bay Rays,"[3, 0]"
San Francisco Giants,Chicago White Sox,"[5, 3]"
Los Angeles Dodgers,Seattle Mariners,"[3, 0]"
Miami Marlins,Arizona Diamondbacks,"[1, 3]"
Washington Nationals,Colorado Rockies,"[1, 3]"
New York Yankees,Cleveland Guardians,"[5, 9]"
Toronto Blue Jays,Cincinnati Reds,"[10, 3]"
New York Mets,Baltimore Orioles,"[5, 9]"
Atlanta Braves,Philadelphia Phillies,"[3, 1]"
St.Louis Cardinals,Milwaukee Brewers,"[2, 3]"
Chicago Cubs,Detroit Tigers,"[3, 1]"
Texas Rangers,Pittsburgh Pirates,"[0, 4]"
Houston Astros,Boston Red Sox,"[5, 6]"
Kansas City Royals,Los Angeles Angels,"[5, 9]"
Oakland Athletics,Tampa Bay Rays,"[0, 1]"
San Diego Padres,Minnesota Twins,"[7, 5]"
San Francisco Giants,Chicago White Sox,"[4, 1]"
Los Angeles Dodgers,Seattle Mariners,"[6, 3]"
New York Mets,Baltimore Orioles,"[4, 3]"
Houston Astros,Boston Red Sox,"[1, 4]"
Texas Rangers,Pittsburgh Pirates,"[1, 0]"
San Francisco Giants,Chicago White Sox,"[2, 6]"
Miami Marlins,Arizona Diamondbacks,"[8, 10]"
San Diego Padres,Minnesota Twins,"[4, 11]"
Washington Nationals,Colorado Rockies,"[6, 1]"
New York Yankees,Cleveland Guardians,"[8, 1]"
Toronto Blue Jays,Cincinnati Reds,"[7, 11]"
Atlanta Braves,Philadelphia Phillies,"[2, 3]"
St.Louis Cardinals,Milwaukee Brewers,"[10, 6]"
Chicago Cubs,Detroit Tigers,"[2, 8]"
Kansas City Royals,Los Angeles Angels,"[3, 0]"
Oakland Athletics,Tampa Bay Rays,"[2, 4]"
Los Angeles Dodgers,Seattle Mariners,"[8, 4]"
New York Yankees,Cleveland Guardians,"[6, 0]"
Washington Nationals,Colorado Rockies,"[8, 3]"
St.Louis Cardinals,Milwaukee Brewers,"[3, 0]"
Chicago Cubs,Detroit Tigers,"[10, 2]"
Oakland Athletics,Tampa Bay Rays,"[3, 1]"
Pittsburgh Pirates,Cincinnati Reds,"[7, 0]"
Toronto Blue Jays,Los Angeles Angels,"[5, 3]"
Atlanta Braves,Philadelphia Phillies,"[3, 2]"
Baltimore Orioles,Houston Astros,"[0, 6]"
San Diego Padres,New York Mets,"[3, 8]"
Pittsburgh Pirates,Cincinnati Reds,"[6, 5]"
Baltimore Orioles,Houston Astros,"[7, 5]"
New York Yankees,Colorado Rockies,"[3, 0]"
Toronto Blue Jays,Los Angeles Angels,"[5, 4]"
Cleveland Guardians,Texas Rangers,"[3, 5]"
Miami Marlins,Chicago Cubs,"[3, 6]"
Boston Red Sox,Arizona Diamondbacks,"[2, 12]"
Atlanta Braves,Washington Nationals,"[3, 2]"
Chicago White Sox,Detroit Tigers,"[2, 5]"
Kansas City Royals,Philadelphia Phillies,"[7, 4]"
Minnesota Twins,St.Louis Cardinals,"[1, 6]"
Oakland Athletics,Milwaukee Brewers,"[3, 11]"
San Diego Padres,New York Mets,"[7, 0]"
Los Angeles Dodgers,Tampa Bay Rays,"[7, 3]"
Seattle Mariners,San Francisco Giants,"[6, 5]"
New York Yankees,Colorado Rockies,"[2, 9]"
Toronto Blue Jays,Los Angeles Angels,"[3, 1]"
Baltimore Orioles,Houston Astros,"[3, 2]"
Oakland Athletics,Milwaukee Brewers,"[5, 9]"
Boston Red Sox,Arizona Diamondbacks,"[1, 4]"
Miami Marlins,Chicago Cubs,"[2, 14]"
Seattle Mariners,San Francisco Giants,"[3, 4]"
Pittsburgh Pirates,Cincinnati Reds,"[2, 10]"
Cleveland Guardians,Texas Rangers,"[13, 5]"
Minnesota Twins,St.Louis Cardinals,"[6, 0]"
Kansas City Royals,Philadelphia Phillies,"[2, 11]"
Chicago White Sox,Detroit Tigers,"[4, 13]"
Atlanta Braves,Washington Nationals,"[4, 2]"
San Diego Padres,New York Mets,"[1, 7]"
Los Angeles Dodgers,Tampa Bay Rays,"[8, 9]"
Atlanta Braves,Washington Nationals,"[1, 5]"
Boston Red Sox,Arizona Diamondbacks,"[5, 7]"
New York Yankees,Colorado Rockies,"[10, 3]"
Pittsburgh Pirates,Cincinnati Reds,"[4, 3]"
Toronto Blue Jays,Los Angeles Angels,"[8, 2]"
Miami Marlins,Chicago Cubs,"[7, 2]"
Cleveland Guardians,Texas Rangers,"[4, 2]"
Chicago White Sox,Detroit Tigers,"[4, 9]"
Kansas City Royals,Philadelphia Phillies,"[3, 11]"
Minnesota Twins,St.Louis Cardinals,"[2, 3]"
Oakland Athletics,Milwaukee Brewers,"[4, 3]"
Los Angeles Dodgers,Tampa Bay Rays,"[3, 1]"
San Diego Padres,New York Mets,"[3, 2]"
Seattle Mariners,San Francisco Giants,"[4, 3]"
Baltimore Orioles,Houston Astros,"[3, 6]"
Cleveland Guardians,Kansas City Royals,"[3, 4]"
Boston Red Sox,Toronto Blue Jays,"[1, 4]"
Cleveland Guardians,Kansas City Royals,"[4, 9]"
Philadelphia Phillies,Houston Astros,"[3, 2]"
Pittsburgh Pirates,Chicago Cubs,"[8, 18]"
Washington Nationals,New York Yankees,"[2, 5]"
Boston Red Sox,Toronto Blue Jays,"[3, 7]"
Minnesota Twins,Atlanta Braves,"[6, 10]"
St.Louis Cardinals,San Diego Padres,"[4, 7]"
Chicago White Sox,Detroit Tigers,"[3, 6]"
Colorado Rockies,Miami Marlins,"[3, 2]"
Seattle Mariners,Tampa Bay Rays,"[5, 1]"
Cleveland Guardians,Kansas City Royals,"[1, 6]"
Cincinnati Reds,Oakland Athletics,"[4, 5]"
Detroit Tigers,Los Angeles Angels,"[6, 2]"
Philadelphia Phillies,Houston Astros,"[5, 0]"
Pittsburgh Pirates,Chicago Cubs,"[5, 9]"
Washington Nationals,New York Yankees,"[4, 2]"
Boston Red Sox,Toronto Blue Jays,"[6, 3]"
Minnesota Twins,Atlanta Braves,"[6, 8]"
St.Louis Cardinals,San Diego Padres,"[5, 7]"
Milwaukee Brewers,San Francisco Giants,"[4, 5]"
Colorado Rockies,Miami Marlins,"[8, 9]"
Arizona Diamondbacks,New York Mets,"[3, 8]"
Seattle Mariners,Tampa Bay Rays,"[2, 3]"
Los Angeles Dodgers,Baltimore Orioles,"[2, 3]"
Pittsburgh Pirates,Chicago Cubs,"[10, 14]"
Cleveland Guardians,Kansas City Royals,"[7, 5]"
Philadelphia Phillies,Houston Astros,"[0, 10]"
Seattle Mariners,Tampa Bay Rays,"[6, 2]"
Chicago White Sox,Texas Rangers,"[1, 3]"
Cincinnati Reds,Oakland Athletics,"[6, 9]"
Detroit Tigers,Los Angeles Angels,"[3, 2]"
Washington Nationals,New York Yankees,"[5, 2]"
Boston Red Sox,Toronto Blue Jays,"[3, 0]"
Minnesota Twins,Atlanta Braves,"[1, 5]"
St.Louis Cardinals,San Diego Padres,"[4, 3]"
Chicago White Sox,Texas Rangers,"[3, 4]"
Milwaukee Brewers,San Francisco Giants,"[5, 3]"
Colorado Rockies,Miami Marlins,"[8, 2]"
Arizona Diamondbacks,New York Mets,"[8, 5]"
Los Angeles Dodgers,Baltimore Orioles,"[6, 4]"
Detroit Tigers,Los Angeles Angels,"[0, 3]"
Chicago White Sox,Texas Rangers,"[1, 2]"
Milwaukee Brewers,San Francisco Giants,"[6, 0]"
St.Louis Cardinals,San Diego Padres,"[4, 1]"
Colorado Rockies,Miami Marlins,"[8, 12]"
Arizona Diamondbacks,New York Mets,"[2, 3]"
Cincinnati Reds,Oakland Athletics,"[10, 9]"
Philadelphia Phillies,Atlanta Braves,"[5, 4]"
Boston Red Sox,Toronto Blue Jays,"[0, 2]"
Houston Astros,Kansas City Royals,"[6, 3]"
Los Angeles Dodgers,Baltimore Orioles,"[6, 3]"
Cincinnati Reds,Milwaukee Brewers,"[4, 5]"
Cincinnati Reds,Milwaukee Brewers,"[0, 14]"
Detroit Tigers,Boston Red Sox,"[5, 7]"
Philadelphia Phillies,Atlanta Braves,"[2, 7]"
Washington Nationals,Chicago Cubs,"[6, 7]"
Tampa Bay Rays,San Diego Padres,"[5, 13]"
New York Yankees,St.Louis Cardinals,"[6, 3]"
Cleveland Guardians,Pittsburgh Pirates,"[10, 8]"
Texas Rangers,Oakland Athletics,"[2, 9]"
Houston Astros,Kansas City Royals,"[3, 2]"
Chicago White Sox,New York Mets,"[1, 5]"
Minnesota Twins,Toronto Blue Jays,"[2, 0]"
Colorado Rockies,Baltimore Orioles,"[3, 5]"
Los Angeles Angels,Seattle Mariners,"[5, 9]"
Arizona Diamondbacks,Los Angeles Dodgers,"[9, 10]"
San Francisco Giants,Miami Marlins,"[3, 1]"
New York Yankees,St.Louis Cardinals,"[5, 6]"
Washington Nationals,Chicago Cubs,"[3, 5]"
Tampa Bay Rays,San Diego Padres,"[11, 4]"
Cleveland Guardians,Pittsburgh Pirates,"[0, 3]"
Detroit Tigers,Boston Red Sox,"[2, 1]"
Texas Rangers,Oakland Athletics,"[3, 2]"
Houston Astros,Kansas City Royals,"[5, 2]"
Chicago White Sox,New York Mets,"[3, 5]"
Minnesota Twins,Toronto Blue Jays,"[0, 15]"
Cincinnati Reds,Milwaukee Brewers,"[4, 5]"
Philadelphia Phillies,Atlanta Braves,"[3, 0]"
Arizona Diamondbacks,Los Angeles Dodgers,"[6, 8]"
Colorado Rockies,Baltimore Orioles,"[7, 5]"
San Francisco Giants,Miami Marlins,"[3, 4]"
Los Angeles Angels,Seattle Mariners,"[5, 4]"
Cincinnati Reds,Milwaukee Brewers,"[4, 3]"
New York Yankees,St.Louis Cardinals,"[7, 14]"
Washington Nationals,Chicago Cubs,"[1, 14]"
Tampa Bay Rays,San Diego Padres,"[3, 4]"
Detroit Tigers,Boston Red Sox,"[4, 1]"
Cleveland Guardians,Pittsburgh Pirates,"[6, 1]"
Chicago White Sox,New York Mets,"[0, 2]"
Houston Astros,Kansas City Royals,"[7, 2]"
Minnesota Twins,Toronto Blue Jays,"[4, 3]"
Texas Rangers,Oakland Athletics,"[6, 4]"
Colorado Rockies,Baltimore Orioles,"[1, 6]"
San Francisco Giants,Miami Marlins,"[5, 7]"
Los Angeles Angels,Seattle Mariners,"[3, 2]"
Arizona Diamondbacks,Los Angeles Dodgers,"[14, 3]"
Philadelphia Phillies,Atlanta Braves,"[3, 2]"
Milwaukee Brewers,St.Louis Cardinals,"[9, 3]"
Baltimore Orioles,Chicago White Sox,"[13, 3]"
Arizona Diamondbacks,Los Angeles Dodgers,"[6, 11]"
Cincinnati Reds,Houston Astros,"[5, 3]"
Kansas City Royals,Cleveland Guardians,"[2, 4]"
San Diego Padres,Detroit Tigers,"[3, 0]"
Tampa Bay Rays,Minnesota Twins,"[4, 5]"
Oakland Athletics,Seattle Mariners,"[5, 4]"
New York Mets,Boston Red Sox,"[4, 1]"
Chicago Cubs,Pittsburgh Pirates,"[3, 5]"
Texas Rangers,New York Yankees,"[4, 8]"
Baltimore Orioles,Chicago White Sox,"[9, 0]"
Miami Marlins,Washington Nationals,"[2, 6]"
Tampa Bay Rays,Minnesota Twins,"[2, 1]"
Toronto Blue Jays,Philadelphia Phillies,"[9, 10]"
New York Mets,Boston Red Sox,"[7, 2]"
Atlanta Braves,Colorado Rockies,"[3, 0]"
Chicago Cubs,Pittsburgh Pirates,"[0, 5]"
Kansas City Royals,Cleveland Guardians,"[1, 7]"
Milwaukee Brewers,St.Louis Cardinals,"[4, 7]"
Texas Rangers,New York Yankees,"[7, 4]"
Los Angeles Angels,Los Angeles Dodgers,"[2, 6]"
Oakland Athletics,Seattle Mariners,"[3, 2]"
San Francisco Giants,Arizona Diamondbacks,"[7, 8]"
Toronto Blue Jays,Philadelphia Phillies,"[2, 4]"
Baltimore Orioles,Chicago White Sox,"[1, 8]"
Cincinnati Reds,Houston Astros,"[12, 5]"
Miami Marlins,Washington Nationals,"[4, 3]"
Tampa Bay Rays,Minnesota Twins,"[9, 4]"
New York Mets,Boston Red Sox,"[8, 3]"
Atlanta Braves,Colorado Rockies,"[5, 2]"
Chicago Cubs,Pittsburgh Pirates,"[12, 0]"
Kansas City Royals,Cleveland Guardians,"[4, 1]"
Milwaukee Brewers,St.Louis Cardinals,"[2, 3]"
Texas Rangers,New York Yankees,"[10, 6]"
Los Angeles Angels,Los Angeles Dodgers,"[10, 1]"
Oakland Athletics,Seattle Mariners,"[3, 16]"
San Diego Padres,Detroit Tigers,"[6, 5]"
San Francisco Giants,Arizona Diamondbacks,"[4, 6]"
Cincinnati Reds,Houston Astros,"[1, 0]"
Tampa Bay Rays,Minnesota Twins,"[3, 4]"
Oakland Athletics,Seattle Mariners,"[4, 6]"
San Francisco Giants,Arizona Diamondbacks,"[3, 2]"
Miami Marlins,Philadelphia Phillies,"[2, 5]"
Pittsburgh Pirates,Washington Nationals,"[9, 4]"
Atlanta Braves,Colorado Rockies,"[1, 3]"
Texas Rangers,Los Angeles Angels,"[3, 1]"
San Diego Padres,Detroit Tigers,"[3, 4]"
Chicago Cubs,New York Yankees,"[0, 3]"
Milwaukee Brewers,Colorado Rockies,"[2, 3]"
Baltimore Orioles,Tampa Bay Rays,"[2, 0]"
Boston Red Sox,Chicago White Sox,"[3, 1]"
Miami Marlins,Philadelphia Phillies,"[2, 16]"
New York Mets,Cincinnati Reds,"[6, 4]"
Atlanta Braves,Toronto Blue Jays,"[3, 1]"
Texas Rangers,Los Angeles Angels,"[1, 5]"
Houston Astros,Arizona Diamondbacks,"[8, 0]"
Kansas City Royals,Minnesota Twins,"[5, 0]"
St.Louis Cardinals,Seattle Mariners,"[1, 6]"
Oakland Athletics,Detroit Tigers,"[7, 6]"
San Diego Padres,San Francisco Giants,"[5, 1]"
Los Angeles Dodgers,Cleveland Guardians,"[1, 3]"
Pittsburgh Pirates,Washington Nationals,"[3, 5]"
Chicago Cubs,New York Yankees,"[0, 2]"
Baltimore Orioles,Tampa Bay Rays,"[1, 7]"
Oakland Athletics,Detroit Tigers,"[1, 2]"
Houston Astros,Arizona Diamondbacks,"[11, 5]"
Miami Marlins,Philadelphia Phillies,"[9, 5]"
New York Mets,Cincinnati Reds,"[4, 0]"
Pittsburgh Pirates,Washington Nationals,"[6, 8]"
Texas Rangers,Los Angeles Angels,"[6, 4]"
Milwaukee Brewers,Colorado Rockies,"[5, 2]"
Kansas City Royals,Minnesota Twins,"[4, 2]"
Boston Red Sox,Chicago White Sox,"[7, 5]"
St.Louis Cardinals,Seattle Mariners,"[2, 0]"
Atlanta Braves,Toronto Blue Jays,"[5, 9]"
San Diego Padres,San Francisco Giants,"[3, 6]"
Los Angeles Dodgers,Cleveland Guardians,"[7, 2]"
Baltimore Orioles,Tampa Bay Rays,"[0, 2]"
Atlanta Braves,Toronto Blue Jays,"[4, 3]"
Boston Red Sox,Chicago White Sox,"[2, 7]"
Pittsburgh Pirates,Washington Nationals,"[7, 3]"
Miami Marlins,Philadelphia Phillies,"[10, 1]"
New York Mets,Cincinnati Reds,"[1, 3]"
Kansas City Royals,Minnesota Twins,"[2, 0]"
Milwaukee Brewers,Colorado Rockies,"[1, 4]"
St.Louis Cardinals,Seattle Mariners,"[4, 10]"
Chicago Cubs,New York Yankees,"[2, 1]"
Texas Rangers,Los Angeles Angels,"[7, 4]"
Oakland Athletics,Detroit Tigers,"[1, 9]"
Los Angeles Dodgers,Cleveland Guardians,"[4, 0]"
San Diego Padres,San Francisco Giants,"[6, 7]"
Houston Astros,Arizona Diamondbacks,"[6, 12]"
Atlanta Braves,Cincinnati Reds,"[0, 1]"
Pittsburgh Pirates,Miami Marlins,"[3, 2]"
Philadelphia Phillies,Tampa Bay Rays,"[2, 1]"
New York Yankees,Kansas City Royals,"[10, 4]"
Toronto Blue Jays,New York Mets,"[2, 3]"
Boston Red Sox,Baltimore Orioles,"[12, 3]"
Chicago White Sox,Cleveland Guardians,"[3, 5]"
Minnesota Twins,Los Angeles Angels,"[2, 6]"
Los Angeles Dodgers,Chicago Cubs,"[4, 10]"
Pittsburgh Pirates,Miami Marlins,"[6, 4]"
Philadelphia Phillies,Tampa Bay Rays,"[9, 4]"
Detroit Tigers,Colorado Rockies,"[11, 0]"
Washington Nationals,Atlanta Braves,"[0, 12]"
New York Yankees,Kansas City Royals,"[0, 5]"
Toronto Blue Jays,New York Mets,"[6, 2]"
Boston Red Sox,Baltimore Orioles,"[3, 5]"
Chicago White Sox,Cleveland Guardians,"[0, 5]"
Minnesota Twins,Los Angeles Angels,"[10, 5]"
St.Louis Cardinals,Cincinnati Reds,"[0, 3]"
Houston Astros,Oakland Athletics,"[3, 4]"
Arizona Diamondbacks,Texas Rangers,"[6, 0]"
Seattle Mariners,San Diego Padres,"[3, 7]"
San Francisco Giants,Milwaukee Brewers,"[2, 3]"
Los Angeles Dodgers,Chicago Cubs,"[3, 6]"
Pittsburgh Pirates,Miami Marlins,"[3, 1]"
Chicago White Sox,Cleveland Guardians,"[4, 6]"
Toronto Blue Jays,New York Mets,"[2, 6]"
Arizona Diamondbacks,Texas Rangers,"[14, 4]"
Detroit Tigers,Colorado Rockies,"[7, 4]"
Philadelphia Phillies,Tampa Bay Rays,"[3, 2]"
Washington Nationals,Atlanta Braves,"[5, 1]"
New York Yankees,Kansas City Royals,"[4, 3]"
Boston Red Sox,Baltimore Orioles,"[5, 3]"
Minnesota Twins,Los Angeles Angels,"[6, 4]"
St.Louis Cardinals,Cincinnati Reds,"[2, 1]"
Houston Astros,Oakland Athletics,"[4, 5]"
Seattle Mariners,San Diego Padres,"[5, 2]"
San Francisco Giants,Milwaukee Brewers,"[13, 2]"
Los Angeles Dodgers,Chicago Cubs,"[10, 8]"
Detroit Tigers,Colorado Rockies,"[2, 4]"
St.Louis Cardinals,Cincinnati Reds,"[6, 1]"
Houston Astros,Oakland Athletics,"[6, 3]"
Washington Nationals,Miami Marlins,"[3, 6]"
Cleveland Guardians,Tampa Bay Rays,"[2, 5]"
New York Yankees,Boston Red Sox,"[2, 1]"
Seattle Mariners,Texas Rangers,"[4, 5]"
San Francisco Giants,Milwaukee Brewers,"[0, 3]"
Detroit Tigers,Baltimore Orioles,"[1, 0]"
Philadelphia Phillies,New York Mets,"[3, 11]"
Pittsburgh Pirates,Kansas City Royals,"[3, 8]"
Washington Nationals,Miami Marlins,"[4, 1]"
New York Yankees,Boston Red Sox,"[5, 4]"
Toronto Blue Jays,St.Louis Cardinals,"[4, 3]"
Cleveland Guardians,Tampa Bay Rays,"[1, 3]"
Atlanta Braves,Los Angeles Dodgers,"[6, 2]"
Chicago White Sox,Oakland Athletics,"[0, 2]"
Minnesota Twins,Cincinnati Reds,"[4, 8]"
Colorado Rockies,Chicago Cubs,"[9, 5]"
Los Angeles Angels,Houston Astros,"[3, 5]"
Arizona Diamondbacks,Milwaukee Brewers,"[1, 2]"
Seattle Mariners,Texas Rangers,"[5, 4]"
San Francisco Giants,San Diego Padres,"[0, 5]"
New York Yankees,Boston Red Sox,"[1, 7]"
Pittsburgh Pirates,Kansas City Royals,"[1, 5]"
Toronto Blue Jays,St.Louis Cardinals,"[7, 2]"
Philadelphia Phillies,New York Mets,"[6, 4]"
Washington Nationals,Miami Marlins,"[4, 1]"
Cleveland Guardians,Tampa Bay Rays,"[6, 1]"
Detroit Tigers,Baltimore Orioles,"[2, 4]"
Chicago White Sox,Oakland Athletics,"[7, 6]"
Minnesota Twins,Cincinnati Reds,"[1, 11]"
Atlanta Braves,Los Angeles Dodgers,"[10, 1]"
Arizona Diamondbacks,Milwaukee Brewers,"[8, 15]"
Colorado Rockies,Chicago Cubs,"[6, 5]"
San Francisco Giants,San Diego Padres,"[0, 8]"
Los Angeles Angels,Houston Astros,"[3, 5]"
Seattle Mariners,Texas Rangers,"[5, 4]"
Detroit Tigers,Baltimore Orioles,"[4, 2]"
Minnesota Twins,Cincinnati Reds,"[9, 2]"
New York Yankees,Boston Red Sox,"[5, 2]"
Philadelphia Phillies,New York Mets,"[2, 1]"
Pittsburgh Pirates,Kansas City Royals,"[4, 3]"
Washington Nationals,Miami Marlins,"[4, 3]"
Toronto Blue Jays,St.Louis Cardinals,"[3, 2]"
Cleveland Guardians,Tampa Bay Rays,"[2, 0]"
Chicago White Sox,Oakland Athletics,"[4, 3]"
Colorado Rockies,Chicago Cubs,"[2, 6]"
San Francisco Giants,San Diego Padres,"[3, 4]"
Los Angeles Angels,Houston Astros,"[4, 6]"
Arizona Diamondbacks,Milwaukee Brewers,"[11, 10]"
Seattle Mariners,Texas Rangers,"[7, 0]"
Atlanta Braves,Los Angeles Dodgers,"[2, 9]"
Cleveland Guardians,Minnesota Twins,"[4, 3]"
New York Mets,Washington Nationals,"[2, 1]"
Atlanta Braves,Los Angeles Dodgers,"[0, 9]"
Chicago Cubs,Oakland Athletics,"[9, 2]"
Kansas City Royals,Detroit Tigers,"[6, 7]"
Milwaukee Brewers,Philadelphia Phillies,"[6, 2]"
St.Louis Cardinals,Pittsburgh Pirates,"[4, 0]"
Colorado Rockies,Arizona Diamondbacks,"[3, 2]"
Los Angeles Angels,Chicago White Sox,"[4, 8]"
San Diego Padres,Houston Astros,"[3, 1]"
Baltimore Orioles,San Francisco Giants,"[0, 10]"
Cincinnati Reds,Atlanta Braves,"[6, 5]"
Cleveland Guardians,Minnesota Twins,"[1, 4]"
Miami Marlins,Los Angeles Dodgers,"[11, 9]"
Tampa Bay Rays,Boston Red Sox,"[8, 3]"
New York Mets,Washington Nationals,"[10, 1]"
Milwaukee Brewers,Philadelphia Phillies,"[1, 5]"
Kansas City Royals,Detroit Tigers,"[1, 3]"
Chicago Cubs,Oakland Athletics,"[3, 4]"
St.Louis Cardinals,Pittsburgh Pirates,"[3, 1]"
Texas Rangers,Toronto Blue Jays,"[13, 8]"
Colorado Rockies,Arizona Diamondbacks,"[8, 2]"
Los Angeles Angels,Chicago White Sox,"[5, 0]"
San Diego Padres,Houston Astros,"[3, 4]"
Seattle Mariners,New York Yankees,"[2, 11]"
Chicago Cubs,Oakland Athletics,"[3, 5]"
Colorado Rockies,Arizona Diamondbacks,"[4, 9]"
Los Angeles Angels,Chicago White Sox,"[4, 3]"
Baltimore Orioles,San Francisco Giants,"[3, 5]"
Cincinnati Reds,Atlanta Braves,"[1, 7]"
Cleveland Guardians,Minnesota Twins,"[5, 4]"
Miami Marlins,Los Angeles Dodgers,"[4, 8]"
San Diego Padres,Houston Astros,"[4, 0]"
Tampa Bay Rays,Boston Red Sox,"[1, 2]"
New York Mets,Washington Nationals,"[10, 0]"
Kansas City Royals,Detroit Tigers,"[2, 4]"
Milwaukee Brewers,Philadelphia Phillies,"[2, 1]"
St.Louis Cardinals,Pittsburgh Pirates,"[10, 5]"
Texas Rangers,Toronto Blue Jays,"[2, 0]"
Seattle Mariners,New York Yankees,"[1, 2]"
Baltimore Orioles,San Francisco Giants,"[5, 3]"
Cincinnati Reds,Atlanta Braves,"[3, 15]"
Cleveland Guardians,Minnesota Twins,"[3, 2]"
Texas Rangers,Toronto Blue Jays,"[0, 4]"
Seattle Mariners,New York Yankees,"[3, 2]"
Miami Marlins,Los Angeles Dodgers,"[4, 20]"
Tampa Bay Rays,Boston Red Sox,"[2, 0]"
New York Mets,Philadelphia Phillies,"[10, 6]"
St.Louis Cardinals,Pittsburgh Pirates,"[2, 3]"
Milwaukee Brewers,Arizona Diamondbacks,"[1, 5]"
Chicago Cubs,Washington Nationals,"[7, 6]"
Houston Astros,Los Angeles Angels,"[3, 1]"
Chicago Cubs,Washington Nationals,"[3, 1]"
Cincinnati Reds,Pittsburgh Pirates,"[8, 3]"
Tampa Bay Rays,Toronto Blue Jays,"[1, 0]"
Baltimore Orioles,Detroit Tigers,"[7, 1]"
Boston Red Sox,Minnesota Twins,"[2, 4]"
Miami Marlins,Atlanta Braves,"[4, 3]"
New York Mets,Philadelphia Phillies,"[2, 12]"
Texas Rangers,Seattle Mariners,"[2, 8]"
Houston Astros,Los Angeles Angels,"[9, 7]"
Kansas City Royals,San Francisco Giants,"[1, 2]"
Milwaukee Brewers,Arizona Diamondbacks,"[4, 7]"
St.Louis Cardinals,Cleveland Guardians,"[1, 5]"
Oakland Athletics,New York Yankees,"[2, 4]"
San Diego Padres,Chicago White Sox,"[3, 2]"
Los Angeles Dodgers,Colorado Rockies,"[6, 4]"
Cincinnati Reds,Pittsburgh Pirates,"[7, 1]"
Chicago Cubs,Washington Nationals,"[1, 5]"
Baltimore Orioles,Detroit Tigers,"[4, 6]"
Miami Marlins,Atlanta Braves,"[2, 6]"
New York Mets,Philadelphia Phillies,"[6, 3]"
Tampa Bay Rays,Toronto Blue Jays,"[3, 2]"
Kansas City Royals,San Francisco Giants,"[0, 9]"
Texas Rangers,Seattle Mariners,"[4, 8]"
Houston Astros,Los Angeles Angels,"[10, 4]"
Milwaukee Brewers,Arizona Diamondbacks,"[0, 5]"
St.Louis Cardinals,Cleveland Guardians,"[6, 5]"
San Diego Padres,Chicago White Sox,"[6, 2]"
Oakland Athletics,New York Yankees,"[0, 10]"
Los Angeles Dodgers,Colorado Rockies,"[3, 6]"
Boston Red Sox,Minnesota Twins,"[8, 1]"
Cincinnati Reds,Pittsburgh Pirates,"[0, 2]"
Baltimore Orioles,Detroit Tigers,"[3, 4]"
Miami Marlins,Atlanta Braves,"[4, 5]"
Tampa Bay Rays,Toronto Blue Jays,"[4, 3]"
Houston Astros,Los Angeles Angels,"[8, 9]"
Kansas City Royals,San Francisco Giants,"[0, 2]"
Milwaukee Brewers,Arizona Diamondbacks,"[10, 9]"
St.Louis Cardinals,Cleveland Guardians,"[2, 1]"
Chicago Cubs,Washington Nationals,"[5, 0]"
Texas Rangers,Seattle Mariners,"[6, 5]"
Oakland Athletics,New York Yankees,"[4, 7]"
Los Angeles Dodgers,Colorado Rockies,"[6, 5]"
San Diego Padres,Chicago White Sox,"[4, 2]"
Boston Red Sox,Minnesota Twins,"[9, 3]"
New York Mets,Philadelphia Phillies,"[2, 1]"
Philadelphia Phillies,Chicago Cubs,"[6, 2]"
Toronto Blue Jays,Boston Red Sox,"[1, 4]"
Houston Astros,Seattle Mariners,"[1, 6]"
Arizona Diamondbacks,San Francisco Giants,"[3, 6]"
Detroit Tigers,Tampa Bay Rays,"[2, 1]"
Cleveland Guardians,Cincinnati Reds,"[6, 1]"
Philadelphia Phillies,Chicago Cubs,"[4, 10]"
Pittsburgh Pirates,Milwaukee Brewers,"[2, 7]"
Washington Nationals,Kansas City Royals,"[0, 1]"
New York Yankees,Baltimore Orioles,"[3, 5]"
Toronto Blue Jays,Boston Red Sox,"[5, 6]"
Atlanta Braves,New York Mets,"[5, 1]"
Chicago White Sox,Los Angeles Angels,"[3, 2]"
Minnesota Twins,Miami Marlins,"[1, 4]"
Houston Astros,Seattle Mariners,"[4, 3]"
Colorado Rockies,St.Louis Cardinals,"[3, 7]"
Arizona Diamondbacks,San Francisco Giants,"[0, 11]"
Oakland Athletics,Texas Rangers,"[5, 4]"
Los Angeles Dodgers,San Diego Padres,"[2, 4]"
Houston Astros,Seattle Mariners,"[1, 8]"
Philadelphia Phillies,Chicago Cubs,"[9, 6]"
Cleveland Guardians,Cincinnati Reds,"[5, 2]"
Detroit Tigers,Tampa Bay Rays,"[7, 1]"
Pittsburgh Pirates,Milwaukee Brewers,"[2, 1]"
Washington Nationals,Kansas City Royals,"[0, 3]"
New York Yankees,Baltimore Orioles,"[7, 9]"
Toronto Blue Jays,Boston Red Sox,"[6, 1]"
Chicago White Sox,Los Angeles Angels,"[4, 3]"
Minnesota Twins,Miami Marlins,"[8, 3]"
Colorado Rockies,St.Louis Cardinals,"[2, 5]"
Arizona Diamondbacks,San Francisco Giants,"[8, 2]"
Oakland Athletics,Texas Rangers,"[1, 5]"
Los Angeles Dodgers,San Diego Padres,"[4, 3]"
Pittsburgh Pirates,Milwaukee Brewers,"[2, 5]"
Washington Nationals,Kansas City Royals,"[4, 7]"
Detroit Tigers,Tampa Bay Rays,"[4, 3]"
Chicago White Sox,Los Angeles Angels,"[7, 0]"
Colorado Rockies,St.Louis Cardinals,"[10, 8]"
Oakland Athletics,Texas Rangers,"[3, 2]"
New York Yankees,Baltimore Orioles,"[10, 1]"
Minnesota Twins,Miami Marlins,"[6, 8]"
Los Angeles Dodgers,San Diego Padres,"[7, 2]"
Chicago Cubs,Cincinnati Reds,"[1, 0]"
Detroit Tigers,Chicago White Sox,"[4, 1]"
Washington Nationals,Philadelphia Phillies,"[9, 1]"
New York Yankees,Pittsburgh Pirates,"[2, 4]"
Toronto Blue Jays,Miami Marlins,"[5, 15]"
Boston Red Sox,Tampa Bay Rays,"[1, 2]"
Cleveland Guardians,Houston Astros,"[2, 5]"
Atlanta Braves,Kansas City Royals,"[3, 0]"
Minnesota Twins,Baltimore Orioles,"[2, 7]"
Milwaukee Brewers,New York Mets,"[8, 4]"
Colorado Rockies,Los Angeles Dodgers,"[4, 11]"
Los Angeles Angels,Texas Rangers,"[2, 5]"
Arizona Diamondbacks,San Diego Padres,"[3, 5]"
Seattle Mariners,Oakland Athletics,"[2, 0]"
San Francisco Giants,St.Louis Cardinals,"[3, 6]"
New York Yankees,Pittsburgh Pirates,"[4, 9]"
Detroit Tigers,Chicago White Sox,"[0, 4]"
Chicago Cubs,Cincinnati Reds,"[3, 0]"
Toronto Blue Jays,Miami Marlins,"[1, 8]"
San Francisco Giants,St.Louis Cardinals,"[6, 5]"
Washington Nationals,Philadelphia Phillies,"[6, 3]"
Boston Red Sox,Tampa Bay Rays,"[2, 7]"
Cleveland Guardians,Houston Astros,"[3, 4]"
Minnesota Twins,Baltimore Orioles,"[2, 9]"
Milwaukee Brewers,New York Mets,"[6, 0]"
Atlanta Braves,Kansas City Royals,"[2, 1]"
Arizona Diamondbacks,San Diego Padres,"[0, 5]"
Colorado Rockies,Los Angeles Dodgers,"[2, 13]"
Los Angeles Angels,Texas Rangers,"[8, 9]"
Seattle Mariners,Oakland Athletics,"[7, 6]"
Boston Red Sox,Tampa Bay Rays,"[3, 1]"
New York Yankees,Pittsburgh Pirates,"[6, 4]"
San Francisco Giants,St.Louis Cardinals,"[1, 6]"
Washington Nationals,Philadelphia Phillies,"[3, 6]"
Los Angeles Angels,Texas Rangers,"[0, 8]"
Toronto Blue Jays,Miami Marlins,"[1, 3]"
Arizona Diamondbacks,San Diego Padres,"[11, 2]"
Colorado Rockies,Los Angeles Dodgers,"[1, 2]"
Detroit Tigers,Chicago White Sox,"[5, 9]"
Milwaukee Brewers,New York Mets,"[0, 5]"
Minnesota Twins,Baltimore Orioles,"[2, 6]"
Seattle Mariners,Oakland Athletics,"[6, 4]"
Atlanta Braves,Kansas City Royals,"[2, 4]"
Chicago Cubs,Cincinnati Reds,"[0, 3]"
Atlanta Braves,New York Mets,"[7, 8]"
Atlanta Braves,New York Mets,"[3, 0]"
Houston Astros,Detroit Tigers,"[1, 3]"
Baltimore Orioles,Kansas City Royals,"[0, 1]"
Milwaukee Brewers,New York Mets,"[4, 8]"
San Diego Padres,Atlanta Braves,"[4, 0]"
Houston Astros,Detroit Tigers,"[2, 5]"
Baltimore Orioles,Kansas City Royals,"[1, 2]"
Milwaukee Brewers,New York Mets,"[5, 3]"
San Diego Padres,Atlanta Braves,"[5, 4]"
Milwaukee Brewers,New York Mets,"[2, 4]"
Cleveland Guardians,Detroit Tigers,"[7, 0]"
Philadelphia Phillies,New York Mets,"[2, 6]"
New York Yankees,Kansas City Royals,"[6, 5]"
Los Angeles Dodgers,San Diego Padres,"[7, 5]"
Philadelphia Phillies,New York Mets,"[7, 6]"
Los Angeles Dodgers,San Diego Padres,"[2, 10]"
Cleveland Guardians,Detroit Tigers,"[0, 3]"
New York Yankees,Kansas City Royals,"[2, 4]"
New York Mets,Philadelphia Phillies,"[7, 2]"
San Diego Padres,Los Angeles Dodgers,"[6, 5]"
Detroit Tigers,Cleveland Guardians,"[3, 0]"
New York Mets,Philadelphia Phillies,"[4, 1]"
Kansas City Royals,New York Yankees,"[2, 3]"
San Diego Padres,Los Angeles Dodgers,"[0, 8]"
Detroit Tigers,Cleveland Guardians,"[4, 5]"
Kansas City Royals,New York Yankees,"[1, 3]"
Los Angeles Dodgers,San Diego Padres,"[2, 0]"
Cleveland Guardians,Detroit Tigers,"[7, 3]"
Los Angeles Dodgers,New York Mets,"[9, 0]"
Los Angeles Dodgers,New York Mets,"[3, 7]"
New York Yankees,Cleveland Guardians,"[5, 2]"
New York Yankees,Cleveland Guardians,"[6, 3]"
New York Mets,Los Angeles Dodgers,"[0, 8]"
Cleveland Guardians,New York Yankees,"[7, 5]"
New York Mets,Los Angeles Dodgers,"[2, 10]"
New York Mets,Los Angeles Dodgers,"[12, 6]"
Cleveland Guardians,New York Yankees,"[6, 8]"
Cleveland Guardians,New York Yankees,"[2, 5]"
Los Angeles Dodgers,New York Mets,"[10, 5]"
Los Angeles Dodgers,New York Yankees,"[6, 3]"
Los Angeles Dodgers,New York Yankees,"[4, 2]"
New York Yankees,Los Angeles Dodgers,"[2, 4]"
New York Yankees,Los Angeles Dodgers,"[11, 4]"
New York Yankees,Los Angeles Dodgers,"[6, 7]"
